Factor,Factor level,Scenario,Intervention,Outcome,Default value,Test value,Paired n,Default paired delta,Sensitivity paired delta,95% CI low,95% CI high,Effect retention,Direction consistency,Standardized paired effect,Robustness verdict
Crowding threshold,high,High load,Both,Actionable visibility opportunities,0.5,0.62,20,537.95,592.9,539.6678364816711,646.1321635183289,1.1021470396877031,1.0,4.686187263313738,stable
Crowding threshold,low,High load,Both,Actionable visibility opportunities,0.5,0.4,20,537.95,552.5,488.41487756199,616.58512243801,1.0270471233386005,1.0,3.6273325288092,stable
Crowding threshold,high,High load,Both,Approach attempts,0.5,0.62,20,95.52,102.9,97.28759426758336,108.51240573241664,1.0772613065326635,1.0,7.713982011572883,stable
Crowding threshold,low,High load,Both,Approach attempts,0.5,0.4,20,95.52,97.8,92.53193326182225,103.06806673817776,1.0238693467336684,1.0,7.8108786957865,stable
Crowding threshold,high,High load,Both,Bedside / patient-room interaction share,0.5,0.62,20,-0.0876218172789389,-0.0983981102981673,-0.1170592734597533,-0.0797369471365813,1.1229864131318206,1.0,-2.2185047070599175,stable
Crowding threshold,low,High load,Both,Bedside / patient-room interaction share,0.5,0.4,20,-0.0876218172789389,-0.0906691359220862,-0.1103813965793714,-0.0709568752648011,1.0347780808225695,1.0,-1.9352423093146272,stable
Crowding threshold,high,High load,Both,Corridor interaction share,0.5,0.62,20,0.0748025163647015,0.0654947766674588,0.0469011589731061,0.0840883943618114,0.8755691633171457,0.9,1.4820234482041192,stable
Crowding threshold,low,High load,Both,Corridor interaction share,0.5,0.4,20,0.0748025163647015,0.0675743168199466,0.0490935689901988,0.0860550646496945,0.9033695670141152,1.0,1.5384182708222267,stable
Crowding threshold,high,High load,Both,F2F interactions per hour,0.5,0.62,20,7.669,8.615,7.71734714129746,9.51265285870254,1.1233537618985527,1.0,4.037933571623059,stable
Crowding threshold,low,High load,Both,F2F interactions per hour,0.5,0.4,20,7.669,7.685,6.864792720678101,8.505207279321898,1.0020863215543097,1.0,3.9421446788310055,stable
Crowding threshold,high,High load,Both,Mean ED pressure index,0.5,0.62,20,-0.0122874969367284,-0.0117597827546296,-0.0466387232894697,0.0231191577802104,0.9570527516860348,0.55,-0.1418561996502345,stable
Crowding threshold,low,High load,Both,Mean ED pressure index,0.5,0.4,20,-0.0122874969367284,-0.0227524102237654,-0.0628695915813013,0.0173647711337704,1.851671690412106,0.7,-0.2386213531788987,stable
Crowding threshold,high,High load,Both,Patient-facing interaction share,0.5,0.62,20,-0.1471421374672993,-0.1692082770155581,-0.1907607533420905,-0.1476558006890257,1.1499647886599635,1.0,-3.3032141713224625,stable
Crowding threshold,low,High load,Both,Patient-facing interaction share,0.5,0.4,20,-0.1471421374672993,-0.1537731357991924,-0.1717967732278639,-0.1357494983705209,1.045065257621168,1.0,-3.5896353630359874,stable
Crowding threshold,high,High load,Both,Selected coordination opportunities,0.5,0.62,20,93.75,99.4,94.23503347949917,104.56496652050086,1.0602666666666667,1.0,8.097131272439055,stable
Crowding threshold,low,High load,Both,Selected coordination opportunities,0.5,0.4,20,93.75,93.05,86.44531427896193,99.65468572103806,0.9925333333333332,1.0,5.927567758892635,stable
Crowding threshold,high,High load,Both,Staff–staff interaction share,0.5,0.62,20,0.1273473175513008,0.1464399983188134,0.1262992386556832,0.1665807579819436,1.1499260536824527,1.0,3.059117614222966,stable
Crowding threshold,low,High load,Both,Staff–staff interaction share,0.5,0.4,20,0.1273473175513008,0.131481536433669,0.1127077644142061,0.1502553084531319,1.0324641222278028,1.0,2.94662953286684,stable
Crowding threshold,high,High load,Both,Successful approaches,0.5,0.62,20,77.53,84.9,79.54004642596698,90.25995357403303,1.0950599767831808,1.0,6.664367975672295,stable
Crowding threshold,low,High load,Both,Successful approaches,0.5,0.4,20,77.53,81.1,76.35640784570218,85.84359215429781,1.0460466916032505,1.0,7.19326100295206,stable
Crowding threshold,high,High load,Both,Visible staff encounters,0.5,0.62,20,16899.26,17073.3,16480.49341896472,17666.106581035277,1.0102986758000054,1.0,12.117604167290796,stable
Crowding threshold,low,High load,Both,Visible staff encounters,0.5,0.4,20,16899.26,17038.3,16308.465245666925,17768.134754333074,1.0082275791957755,1.0,9.82231882616857,stable
Crowding threshold,high,High load,COCPIT only,Actionable visibility opportunities,0.5,0.62,20,523.11,559.2,487.2957624204614,631.1042375795387,1.0689912255548546,1.0,3.272088063811084,stable
Crowding threshold,low,High load,COCPIT only,Actionable visibility opportunities,0.5,0.4,20,523.11,490.85,427.3420401656943,554.3579598343058,0.9383303702854084,1.0,3.2518682401951184,stable
Crowding threshold,high,High load,COCPIT only,Approach attempts,0.5,0.62,20,93.1,98.2,89.91414110159903,106.48585889840098,1.054779806659506,1.0,4.986390207712321,stable
Crowding threshold,low,High load,COCPIT only,Approach attempts,0.5,0.4,20,93.1,94.45,87.39102767282733,101.50897232717269,1.0145005370569282,1.0,5.629538446493008,stable
Crowding threshold,high,High load,COCPIT only,Bedside / patient-room interaction share,0.5,0.62,20,-0.0834972074189264,-0.0885296596288351,-0.1043068331974015,-0.0727524860602686,1.0602709044466558,0.95,-2.360869044101927,stable
Crowding threshold,low,High load,COCPIT only,Bedside / patient-room interaction share,0.5,0.4,20,-0.0834972074189264,-0.0806642211466589,-0.0993009963354014,-0.0620274459579163,0.9660708859632432,0.95,-1.8210525775276367,stable
Crowding threshold,high,High load,COCPIT only,Corridor interaction share,0.5,0.62,20,0.0756907846145798,0.0829021891797815,0.0642151623679328,0.1015892159916302,1.095274538398862,1.0,1.8665434192450332,stable
Crowding threshold,low,High load,COCPIT only,Corridor interaction share,0.5,0.4,20,0.0756907846145798,0.0723368171838443,0.0554133694102348,0.0892602649574538,0.955688563042199,0.95,1.7983857679261848,stable
Crowding threshold,high,High load,COCPIT only,F2F interactions per hour,0.5,0.62,20,6.949999999999999,7.669999999999999,7.005316452025951,8.334683547974047,1.1035971223021583,1.0,4.8550392036837104,stable
Crowding threshold,low,High load,COCPIT only,F2F interactions per hour,0.5,0.4,20,6.949999999999999,7.925,6.935976542239771,8.91402345776023,1.140287769784173,1.0,3.371358876991126,stable
Crowding threshold,high,High load,COCPIT only,Mean ED pressure index,0.5,0.62,20,0.0036871997955246,0.0019279286265432,-0.0328239806428397,0.0366798378959261,0.5228706697378473,0.5,0.023341275720815,stable
Crowding threshold,low,High load,COCPIT only,Mean ED pressure index,0.5,0.4,20,0.0036871997955246,-0.0129336130594135,-0.0477751418772459,0.0219079157584187,-3.507706057890314,0.55,-0.1561834339041226,stable
Crowding threshold,high,High load,COCPIT only,Patient-facing interaction share,0.5,0.62,20,-0.1388716288287287,-0.1552108718982345,-0.1754880604628348,-0.1349336833336342,1.11765717164344,1.0,-3.2205252261167394,stable
Crowding threshold,low,High load,COCPIT only,Patient-facing interaction share,0.5,0.4,20,-0.1388716288287287,-0.1423655008851497,-0.1635226252684068,-0.1212083765018926,1.0251590053770452,1.0,-2.8311340151624007,stable
Crowding threshold,high,High load,COCPIT only,Selected coordination opportunities,0.5,0.62,20,89.85,94.3,85.85282963603227,102.74717036396773,1.0495269894268224,1.0,4.696915489616773,stable
Crowding threshold,low,High load,COCPIT only,Selected coordination opportunities,0.5,0.4,20,89.85,91.2,85.24551042445592,97.15448957554408,1.0150250417362272,1.0,6.444104961833264,stable
Crowding threshold,high,High load,COCPIT only,Staff–staff interaction share,0.5,0.62,20,0.1209721971176227,0.1361429551527752,0.1188122165462376,0.1534736937593128,1.1254069810801388,1.0,3.305144167951584,stable
Crowding threshold,low,High load,COCPIT only,Staff–staff interaction share,0.5,0.4,20,0.1209721971176227,0.1220079268944483,0.1037971744981719,0.1402186792907246,1.008561717497935,1.0,2.8188532363678553,stable
Crowding threshold,high,High load,COCPIT only,Successful approaches,0.5,0.62,20,74.72,79.05,72.12841851049997,85.97158148950002,1.0579496788008564,1.0,4.805170968376077,stable
Crowding threshold,low,High load,COCPIT only,Successful approaches,0.5,0.4,20,74.72,76.35,69.8071358114757,82.89286418852429,1.0218147751605997,1.0,4.909682887532908,stable
Crowding threshold,high,High load,COCPIT only,Visible staff encounters,0.5,0.62,20,16398.47,16584.85,15767.150676316904,17402.54932368309,1.011365694482473,1.0,8.533559402076289,stable
Crowding threshold,low,High load,COCPIT only,Visible staff encounters,0.5,0.4,20,16398.47,16260.55,15603.617046468533,16917.482953531468,0.9915894592605284,1.0,10.414213814264004,stable
Crowding threshold,high,High load,NURSTA only,Actionable visibility opportunities,0.5,0.62,20,1.13,49.25,3.0649809775370684,95.43501902246294,43.58407079646018,0.65,0.448660064625177,weakened
Crowding threshold,low,High load,NURSTA only,Actionable visibility opportunities,0.5,0.4,20,1.13,6.3,-28.60234063633464,41.20234063633464,5.575221238938053,0.6,0.0759448455532131,weakened
Crowding threshold,high,High load,NURSTA only,Approach attempts,0.5,0.62,20,-0.17,3.6,-0.7882257774280714,7.988225777428072,-21.176470588235293,0.35,0.3451642780364494,flipped
Crowding threshold,low,High load,NURSTA only,Approach attempts,0.5,0.4,20,-0.17,1.9,-0.736910313226447,4.536910313226446,-11.176470588235292,0.35,0.3031590578634273,flipped
Crowding threshold,high,High load,NURSTA only,Bedside / patient-room interaction share,0.5,0.62,20,-0.0052446573765479,0.0025286727628234,-0.0133826023237672,0.0184399478494141,-0.4821426036581064,0.45,0.0668651699816252,flipped
Crowding threshold,low,High load,NURSTA only,Bedside / patient-room interaction share,0.5,0.4,20,-0.0052446573765479,0.0095055514563315,-0.0090475400808805,0.0280586429935435,-1.812425631240792,0.35,0.2155625618948619,flipped
Crowding threshold,high,High load,NURSTA only,Corridor interaction share,0.5,0.62,20,0.0011750903901055,-0.0180593607037906,-0.0302186703334039,-0.0059000510741774,-15.36848642100572,0.25,-0.6248931460391156,flipped
Crowding threshold,low,High load,NURSTA only,Corridor interaction share,0.5,0.4,20,0.0011750903901055,-0.0083732383521608,-0.022194111812132,0.0054476351078104,-7.125612142406389,0.4,-0.2549002549446674,flipped
Crowding threshold,high,High load,NURSTA only,F2F interactions per hour,0.5,0.62,20,0.2329999999999998,1.1300000000000003,0.4712748452702872,1.7887251547297134,4.849785407725328,0.75,0.7217495169521297,stable
Crowding threshold,low,High load,NURSTA only,F2F interactions per hour,0.5,0.4,20,0.2329999999999998,0.5600000000000003,-0.0840275508980878,1.2040275508980884,2.403433476394853,0.7,0.3658439581247756,weakened
Crowding threshold,high,High load,NURSTA only,Mean ED pressure index,0.5,0.62,20,-0.0064573644791666,-0.0164291568479938,-0.0523201274210534,0.0194618137250658,2.5442511261365572,0.55,-0.1925938343321146,stable
Crowding threshold,low,High load,NURSTA only,Mean ED pressure index,0.5,0.4,20,-0.0064573644791666,0.0055238995177468,-0.0281204216416324,0.0391682206771262,-0.8554418037836703,0.55,0.0690790420767646,stable
Crowding threshold,high,High load,NURSTA only,Patient-facing interaction share,0.5,0.62,20,-0.0077526969822016,-0.018144158818144,-0.0380136337083118,0.0017253160720236,2.340367340526641,0.65,-0.384204772699902,weakened
Crowding threshold,low,High load,NURSTA only,Patient-facing interaction share,0.5,0.4,20,-0.0077526969822016,-0.0089553046927957,-0.0290246894421801,0.0111140800565887,1.1551212066400955,0.55,-0.1877407785088675,weakened
Crowding threshold,high,High load,NURSTA only,Selected coordination opportunities,0.5,0.62,20,1.69,5.4,0.9341328183419382,9.865867181658064,3.1952662721893494,0.7,0.5087451285657839,stable
Crowding threshold,low,High load,NURSTA only,Selected coordination opportunities,0.5,0.4,20,1.69,2.55,-1.0061842057552584,6.106184205755258,1.5088757396449703,0.65,0.301695087226327,weakened
Crowding threshold,high,High load,NURSTA only,Staff–staff interaction share,0.5,0.62,20,0.0065300670040977,0.0110386855322834,-0.0062169141558838,0.0282942852204508,1.690439856950406,0.65,0.2691532392860681,weakened
Crowding threshold,low,High load,NURSTA only,Staff–staff interaction share,0.5,0.4,20,0.0065300670040977,-4.71180215688094e-05,-0.017475511142296,0.0173812750991583,-0.0072155494789321,0.55,-0.0011374753809407,flipped
Crowding threshold,high,High load,NURSTA only,Successful approaches,0.5,0.62,20,0.28,3.95,0.0937673415897903,7.8062326584102095,14.107142857142856,0.6,0.4309691406789429,weakened
Crowding threshold,low,High load,NURSTA only,Successful approaches,0.5,0.4,20,0.28,1.45,-1.4933507221675455,4.393350722167545,5.178571428571428,0.5,0.2072708813946417,weakened
Crowding threshold,high,High load,NURSTA only,Visible staff encounters,0.5,0.62,20,456.45,625.0,345.1782008115654,904.8217991884346,1.3692627889144484,0.85,0.939746634882061,stable
Crowding threshold,low,High load,NURSTA only,Visible staff encounters,0.5,0.4,20,456.45,509.65,122.13571563957998,897.16428436042,1.116551648592398,0.8,0.553345801667225,stable
Crowding threshold,high,Normal load,Both,Actionable visibility opportunities,0.62,0.74,20,688.02,757.9,666.9984180138819,848.8015819861181,1.101566814918171,1.0,3.507944972658161,stable
Crowding threshold,low,Normal load,Both,Actionable visibility opportunities,0.62,0.5,20,688.02,663.1,542.1095134179203,784.0904865820797,0.9637801226708528,1.0,2.305898098395811,stable
Crowding threshold,high,Normal load,Both,Approach attempts,0.62,0.74,20,111.56,110.45,104.35808959183964,116.54191040816038,0.9900501972032988,1.0,7.628242998557765,stable
Crowding threshold,low,Normal load,Both,Approach attempts,0.62,0.5,20,111.56,115.4,108.27414114502312,122.5258588549769,1.0344209394048047,1.0,6.813666918294219,stable
Crowding threshold,high,Normal load,Both,Bedside / patient-room interaction share,0.62,0.74,20,-0.0864501389607065,-0.0924040006355042,-0.1063947142175515,-0.078413287053457,1.0688704696877809,1.0,-2.7788379108264536,stable
Crowding threshold,low,Normal load,Both,Bedside / patient-room interaction share,0.62,0.5,20,-0.0864501389607065,-0.080952238496144,-0.0952851506264152,-0.0666193263658728,0.9364037984130792,1.0,-2.376329889339921,stable
Crowding threshold,high,Normal load,Both,Corridor interaction share,0.62,0.74,20,0.1031667095061176,0.1171922334408704,0.0971281093399174,0.1372563575418234,1.135950094772783,1.0,2.457485320407274,stable
Crowding threshold,low,Normal load,Both,Corridor interaction share,0.62,0.5,20,0.1031667095061176,0.1034488280112619,0.0814770467393221,0.1254206092832016,1.002734588575083,1.0,1.9809458971407483,stable
Crowding threshold,high,Normal load,Both,F2F interactions per hour,0.62,0.74,20,8.956999999999999,9.12,8.224339932904524,10.015660067095478,1.0181980573852856,1.0,4.284142748864757,stable
Crowding threshold,low,Normal load,Both,F2F interactions per hour,0.62,0.5,20,8.956999999999999,9.475,8.673796963770632,10.276203036229369,1.0578318633471029,1.0,4.975639865439816,stable
Crowding threshold,high,Normal load,Both,Mean ED pressure index,0.62,0.74,20,-0.0055647127237654,-0.0325529076388888,-0.1067794728847417,0.0416736576069639,5.849881072901415,0.45,-0.1845196949898765,stable
Crowding threshold,low,Normal load,Both,Mean ED pressure index,0.62,0.5,20,-0.0055647127237654,0.0110416408757716,-0.0573599810897213,0.0794432628412645,-1.9842247792263756,0.4,0.0679171611043576,stable
Crowding threshold,high,Normal load,Both,Patient-facing interaction share,0.62,0.74,20,-0.1280413976235112,-0.1259362877355201,-0.1402949548013539,-0.1115776206696864,0.983559146283448,1.0,-3.690192894137495,stable
Crowding threshold,low,Normal load,Both,Patient-facing interaction share,0.62,0.5,20,-0.1280413976235112,-0.1143294070113079,-0.1336979192910382,-0.0949608947315776,0.892909708370089,1.0,-2.483556212654313,stable
Crowding threshold,high,Normal load,Both,Selected coordination opportunities,0.62,0.74,20,105.86,103.4,98.3698915780232,108.43010842197684,0.9767617608161724,1.0,8.648792925965715,stable
Crowding threshold,low,Normal load,Both,Selected coordination opportunities,0.62,0.5,20,105.86,108.3,99.67166376957508,116.9283362304249,1.0230493104099754,1.0,5.280970029230871,stable
Crowding threshold,high,Normal load,Both,Staff–staff interaction share,0.62,0.74,20,0.109971145171956,0.1141654828732767,0.0975477433710646,0.1307832223754887,1.0381403475862898,1.0,2.890514669070984,stable
Crowding threshold,low,Normal load,Both,Staff–staff interaction share,0.62,0.5,20,0.109971145171956,0.0949432574945818,0.0774370908833637,0.1124494241057999,0.8633469929418678,1.0,2.281840990038141,stable
Crowding threshold,high,Normal load,Both,Successful approaches,0.62,0.74,20,93.05,95.0,89.14239351917436,100.85760648082564,1.0209564750134337,1.0,6.823633926629087,stable
Crowding threshold,low,Normal load,Both,Successful approaches,0.62,0.5,20,93.05,96.2,91.10360325431058,101.29639674568942,1.033852767329393,1.0,7.941895145116807,stable
Crowding threshold,high,Normal load,Both,Visible staff encounters,0.62,0.74,20,20232.54,19867.4,19160.713832605645,20574.08616739436,0.9819528343944952,1.0,11.828420403263491,stable
Crowding threshold,low,Normal load,Both,Visible staff encounters,0.62,0.5,20,20232.54,19344.75,18609.006911527715,20080.493088472285,0.9561206847978552,1.0,11.062396922431672,stable
Crowding threshold,high,Normal load,COCPIT only,Actionable visibility opportunities,0.62,0.74,20,692.73,769.7,651.9630430833207,887.4369569166794,1.1111111111111112,1.0,2.7505591354945764,stable
Crowding threshold,low,Normal load,COCPIT only,Actionable visibility opportunities,0.62,0.5,20,692.73,625.25,506.12805031905555,744.3719496809445,0.9025883100197768,1.0,2.208382078166394,stable
Crowding threshold,high,Normal load,COCPIT only,Approach attempts,0.62,0.74,20,116.26,118.65,108.60117004978088,128.69882995021914,1.0205573714089111,1.0,4.967805135671746,stable
Crowding threshold,low,Normal load,COCPIT only,Approach attempts,0.62,0.5,20,116.26,112.65,106.1739165344607,119.12608346553932,0.9689489076208498,1.0,7.318651463113209,stable
Crowding threshold,high,Normal load,COCPIT only,Bedside / patient-room interaction share,0.62,0.74,20,-0.0847789786808627,-0.0944044524203167,-0.1061371279101016,-0.0826717769305317,1.1135360898329243,1.0,-3.385382346973566,stable
Crowding threshold,low,Normal load,COCPIT only,Bedside / patient-room interaction share,0.62,0.5,20,-0.0847789786808627,-0.0824498867996012,-0.0982335196418719,-0.0666662539573306,0.9725274836108968,1.0,-2.197836595648416,stable
Crowding threshold,high,Normal load,COCPIT only,Corridor interaction share,0.62,0.74,20,0.1071947921792265,0.1030048416406362,0.0841966459703877,0.1218130373108846,0.9609127416228876,1.0,2.3042140001761653,stable
Crowding threshold,low,Normal load,COCPIT only,Corridor interaction share,0.62,0.5,20,0.1071947921792265,0.109019250936378,0.0871920570058129,0.130846444866943,1.0170200316644216,1.0,2.101442896298861,stable
Crowding threshold,high,Normal load,COCPIT only,F2F interactions per hour,0.62,0.74,20,9.251,8.985000000000003,7.949887627763108,10.020112372236898,0.9712463517457576,1.0,3.652101915648229,stable
Crowding threshold,low,Normal load,COCPIT only,F2F interactions per hour,0.62,0.5,20,9.251,8.579999999999998,7.588962368338909,9.571037631661088,0.9274673008323424,1.0,3.6425829345098792,stable
Crowding threshold,high,Normal load,COCPIT only,Mean ED pressure index,0.62,0.74,20,0.0006600118479938,0.0089422410493827,-0.0571595707919328,0.0750440528906982,13.548606856928304,0.45,0.0569174343916561,stable
Crowding threshold,low,Normal load,COCPIT only,Mean ED pressure index,0.62,0.5,20,0.0006600118479938,0.0560676455246913,-0.0209920890637532,0.1331273801131359,84.94945309711778,0.6,0.306123814754871,weakened
Crowding threshold,high,Normal load,COCPIT only,Patient-facing interaction share,0.62,0.74,20,-0.1267767794407479,-0.1208553573502541,-0.1348586472295735,-0.1068520674709346,0.9532925341958124,1.0,-3.6311829811142298,stable
Crowding threshold,low,Normal load,COCPIT only,Patient-facing interaction share,0.62,0.5,20,-0.1267767794407479,-0.1160474468411636,-0.1365732533109387,-0.0955216403713884,0.915368313922197,1.0,-2.3787437858804186,stable
Crowding threshold,high,Normal load,COCPIT only,Selected coordination opportunities,0.62,0.74,20,108.99,113.6,103.19226303985448,124.00773696014552,1.0422974584824296,1.0,4.592343132465014,stable
Crowding threshold,low,Normal load,COCPIT only,Selected coordination opportunities,0.62,0.5,20,108.99,102.95,94.72061006290004,111.17938993709996,0.944582071749702,1.0,5.263456236745909,stable
Crowding threshold,high,Normal load,COCPIT only,Staff–staff interaction share,0.62,0.74,20,0.1109786774992191,0.1085798230070751,0.0950486299761726,0.1221110160379777,0.9783845460569596,1.0,3.3761780840094917,stable
Crowding threshold,low,Normal load,COCPIT only,Staff–staff interaction share,0.62,0.5,20,0.1109786774992191,0.0983686928533106,0.0760183594673019,0.1207190262393194,0.8863747079163279,0.95,1.8517621435565432,stable
Crowding threshold,high,Normal load,COCPIT only,Successful approaches,0.62,0.74,20,94.53,95.75,88.96203611646243,102.53796388353756,1.0129059557812334,1.0,5.934874863151738,stable
Crowding threshold,low,Normal load,COCPIT only,Successful approaches,0.62,0.5,20,94.53,91.75,87.58765564539456,95.91234435460544,0.9705913466624352,1.0,9.274283608729151,stable
Crowding threshold,high,Normal load,COCPIT only,Visible staff encounters,0.62,0.74,20,19747.02,19837.95,18948.909554838803,20726.9904451612,1.0046047454248792,1.0,9.388313407138172,stable
Crowding threshold,low,Normal load,COCPIT only,Visible staff encounters,0.62,0.5,20,19747.02,19615.1,19044.072985032828,20186.12701496717,0.993319498334432,1.0,14.452606494034107,stable
Crowding threshold,high,Normal load,NURSTA only,Actionable visibility opportunities,0.62,0.74,20,23.56,118.35,-0.9662545162622678,237.66625451626223,5.023344651952462,0.7,0.4173312988316273,weakened
Crowding threshold,low,Normal load,NURSTA only,Actionable visibility opportunities,0.62,0.5,20,23.56,-7.4,-130.9389660377818,116.1389660377818,-0.3140916808149406,0.6,-0.0252022934515323,flipped
Crowding threshold,high,Normal load,NURSTA only,Approach attempts,0.62,0.74,20,-1.25,-0.45,-4.806027620617085,3.9060276206170848,0.36,0.55,-0.0434644507061323,weakened
Crowding threshold,low,Normal load,NURSTA only,Approach attempts,0.62,0.5,20,-1.25,-0.95,-5.50124225956641,3.6012422595664093,0.76,0.5,-0.0878225329082177,weakened
Crowding threshold,high,Normal load,NURSTA only,Bedside / patient-room interaction share,0.62,0.74,20,-0.0012191482681021,-0.0154772832933381,-0.0311040174215992,0.0001494508349228,12.69516079240495,0.7,-0.4167146946594189,weakened
Crowding threshold,low,Normal load,NURSTA only,Bedside / patient-room interaction share,0.62,0.5,20,-0.0012191482681021,0.0023410225286225,-0.0130155371131051,0.0176975821703502,-1.9202115032873712,0.45,0.0641392635266258,flipped
Crowding threshold,high,Normal load,NURSTA only,Corridor interaction share,0.62,0.74,20,0.0012716261658183,0.0009088468956719,-0.0150922271766648,0.0169099209680088,0.7147123267058191,0.6,0.0238975786197728,weakened
Crowding threshold,low,Normal load,NURSTA only,Corridor interaction share,0.62,0.5,20,0.0012716261658183,-0.0005691156153982,-0.0204686273410939,0.0193303961102975,-0.4475494690941617,0.5,-0.0120329022376798,flipped
Crowding threshold,high,Normal load,NURSTA only,F2F interactions per hour,0.62,0.74,20,0.0699999999999999,0.4050000000000002,-0.4741269580788952,1.284126958078896,5.785714285714298,0.55,0.193827650768598,weakened
Crowding threshold,low,Normal load,NURSTA only,F2F interactions per hour,0.62,0.5,20,0.0699999999999999,0.1950000000000004,-0.7631420826403119,1.153142082640313,2.785714285714296,0.6,0.0856282370459662,weakened
Crowding threshold,high,Normal load,NURSTA only,Mean ED pressure index,0.62,0.74,20,-0.005380967816358,-0.0391015422646604,-0.1085299093145655,0.0303268247852445,7.266637452428695,0.7,-0.2369568365138893,stable
Crowding threshold,low,Normal load,NURSTA only,Mean ED pressure index,0.62,0.5,20,-0.005380967816358,0.0106071815586419,-0.0721073840507224,0.0933217471680064,-1.971240475811139,0.45,0.0539548284216651,stable
Crowding threshold,high,Normal load,NURSTA only,Patient-facing interaction share,0.62,0.74,20,-0.000823876141203,-0.0167247289762383,-0.0306651998352933,-0.0027842581171832,20.300052568359792,0.7,-0.5047704844808014,stable
Crowding threshold,low,Normal load,NURSTA only,Patient-facing interaction share,0.62,0.5,20,-0.000823876141203,0.0038380206351361,-0.0165099292536031,0.0241859705238754,-4.658492269884096,0.45,0.0793595054149232,flipped
Crowding threshold,high,Normal load,NURSTA only,Selected coordination opportunities,0.62,0.74,20,-1.51,6.5,-1.5493239990762735,14.549323999076272,-4.304635761589404,0.35,0.339755311069002,flipped
Crowding threshold,low,Normal load,NURSTA only,Selected coordination opportunities,0.62,0.5,20,-1.51,-1.6,-9.256553793972849,6.0565537939728475,1.0596026490066226,0.6,-0.0879222818971242,weakened
Crowding threshold,high,Normal load,NURSTA only,Staff–staff interaction share,0.62,0.74,20,-0.0008247857176621,0.0213448846730082,0.0046348047070218,0.0380549646389946,-25.87930927503385,0.3,0.5374370355686718,flipped
Crowding threshold,low,Normal load,NURSTA only,Staff–staff interaction share,0.62,0.5,20,-0.0008247857176621,-0.0011830045292317,-0.0235170821307214,0.0211510730722579,1.4343174280284756,0.65,-0.0222859264626104,weakened
Crowding threshold,high,Normal load,NURSTA only,Successful approaches,0.62,0.74,20,-0.07,1.25,-2.865938596033205,5.365938596033205,-17.857142857142854,0.55,0.1277772192264521,flipped
Crowding threshold,low,Normal load,NURSTA only,Successful approaches,0.62,0.5,20,-0.07,0.35,-4.297515034940716,4.997515034940715,-4.999999999999999,0.4,0.0316854257854175,flipped
Crowding threshold,high,Normal load,NURSTA only,Visible staff encounters,0.62,0.74,20,548.38,1059.85,527.4461906318812,1592.2538093681187,1.9326926583755788,0.8,0.8375592831159173,stable
Crowding threshold,low,Normal load,NURSTA only,Visible staff encounters,0.62,0.5,20,548.38,546.15,-42.85620555590788,1135.156205555908,0.9959334767861702,0.65,0.3901255322405914,weakened
Repeat-contact delay,long,High load,Both,Actionable visibility opportunities,180.0,360.0,20,537.95,558.55,505.17150557426805,611.9284944257319,1.0382935217027602,1.0,4.402587970900834,stable
Repeat-contact delay,short,High load,Both,Actionable visibility opportunities,180.0,90.0,20,537.95,543.75,473.706840621018,613.793159378982,1.0107816711590296,1.0,3.2662231250323632,stable
Repeat-contact delay,long,High load,Both,Approach attempts,180.0,360.0,20,95.52,92.7,88.46965836890335,96.93034163109664,0.9704773869346734,1.0,9.219695959828856,stable
Repeat-contact delay,short,High load,Both,Approach attempts,180.0,90.0,20,95.52,97.85,90.3200937169458,105.37990628305418,1.024392797319933,1.0,5.467434206106452,stable
Repeat-contact delay,long,High load,Both,Bedside / patient-room interaction share,180.0,360.0,20,-0.0876218172789389,-0.0989195922715227,-0.1133542811614377,-0.0844849033816078,1.1289379214381972,1.0,-2.8832825009430825,stable
Repeat-contact delay,short,High load,Both,Bedside / patient-room interaction share,180.0,90.0,20,-0.0876218172789389,-0.0856078464008832,-0.1033532694759959,-0.0678624233257705,0.977015189360381,1.0,-2.029735840402616,stable
Repeat-contact delay,long,High load,Both,Corridor interaction share,180.0,360.0,20,0.0748025163647015,0.0882048385309308,0.0664361594452818,0.1099735176165798,1.1791694025490531,1.0,1.7047968678984131,stable
Repeat-contact delay,short,High load,Both,Corridor interaction share,180.0,90.0,20,0.0748025163647015,0.0839715296125162,0.0647169988236515,0.103226060401381,1.1225762673960196,1.0,1.8348959033143537,stable
Repeat-contact delay,long,High load,Both,F2F interactions per hour,180.0,360.0,20,7.669,6.8950000000000005,6.144672381731259,7.645327618268742,0.8990741948102753,1.0,3.8663008478885823,stable
Repeat-contact delay,short,High load,Both,F2F interactions per hour,180.0,90.0,20,7.669,7.540000000000001,6.582393536494575,8.497606463505427,0.9831790324683792,1.0,3.312810421371579,stable
Repeat-contact delay,long,High load,Both,Mean ED pressure index,180.0,360.0,20,-0.0122874969367284,0.0282286599151234,-0.0090660120499071,0.0655233318801541,-2.297348276909476,0.3,0.3184606495671664,stable
Repeat-contact delay,short,High load,Both,Mean ED pressure index,180.0,90.0,20,-0.0122874969367284,0.0082146208719135,-0.0162543854536746,0.0326836271975018,-0.6685349273503676,0.55,0.1412483871951908,stable
Repeat-contact delay,long,High load,Both,Patient-facing interaction share,180.0,360.0,20,-0.1471421374672993,-0.1489413855415724,-0.1698425861226284,-0.1280401849605165,1.0122279593408314,1.0,-2.998171441922792,stable
Repeat-contact delay,short,High load,Both,Patient-facing interaction share,180.0,90.0,20,-0.1471421374672993,-0.1420054181611,-0.1602614167282664,-0.1237494195939335,0.9650900863979844,1.0,-3.2727409350528336,stable
Repeat-contact delay,long,High load,Both,Selected coordination opportunities,180.0,360.0,20,93.75,87.8,81.43996650124677,94.16003349875322,0.9365333333333332,1.0,5.808278329664785,stable
Repeat-contact delay,short,High load,Both,Selected coordination opportunities,180.0,90.0,20,93.75,95.75,85.37292978168745,106.12707021831255,1.0213333333333334,1.0,3.882185951994065,stable
Repeat-contact delay,long,High load,Both,Staff–staff interaction share,180.0,360.0,20,0.1273473175513008,0.1357756266343916,0.1187029032599306,0.1528483500088525,1.066183640497143,1.0,3.3460414668646217,stable
Repeat-contact delay,short,High load,Both,Staff–staff interaction share,180.0,90.0,20,0.1273473175513008,0.1202763642955397,0.1015641016215937,0.1389886269694858,0.9444750514441532,1.0,2.7043711427361807,stable
Repeat-contact delay,long,High load,Both,Successful approaches,180.0,360.0,20,77.53,77.6,73.38090516068222,81.81909483931777,1.000902876305946,1.0,7.738463526796882,stable
Repeat-contact delay,short,High load,Both,Successful approaches,180.0,90.0,20,77.53,80.45,74.61578262137478,86.28421737862523,1.0376628401908938,1.0,5.801706416272703,stable
Repeat-contact delay,long,High load,Both,Visible staff encounters,180.0,360.0,20,16899.26,17056.1,16419.977527482904,17692.222472517093,1.009280879754498,1.0,11.281096178356645,stable
Repeat-contact delay,short,High load,Both,Visible staff encounters,180.0,90.0,20,16899.26,17496.3,16767.997025988134,18224.602974011865,1.0353293576168423,1.0,10.107562602859833,stable
Repeat-contact delay,long,High load,COCPIT only,Actionable visibility opportunities,180.0,360.0,20,523.11,519.5,466.8173176960698,572.1826823039302,0.993098965800692,1.0,4.148871460261208,stable
Repeat-contact delay,short,High load,COCPIT only,Actionable visibility opportunities,180.0,90.0,20,523.11,485.2,415.923729187519,554.4762708124811,0.9275295826881534,1.0,2.9467859972744828,stable
Repeat-contact delay,long,High load,COCPIT only,Approach attempts,180.0,360.0,20,93.1,88.85,81.09782148106265,96.60217851893734,0.9543501611170784,1.0,4.822208380987264,stable
Repeat-contact delay,short,High load,COCPIT only,Approach attempts,180.0,90.0,20,93.1,90.15,84.55495837934676,95.74504162065324,0.9683136412459722,1.0,6.779141767374546,stable
Repeat-contact delay,long,High load,COCPIT only,Bedside / patient-room interaction share,180.0,360.0,20,-0.0834972074189264,-0.0758600145497489,-0.0917876660474472,-0.0599323630520505,0.9085335533335892,1.0,-2.0038881801429045,stable
Repeat-contact delay,short,High load,COCPIT only,Bedside / patient-room interaction share,180.0,90.0,20,-0.0834972074189264,-0.079763742771192,-0.0986582399807704,-0.0608692455616136,0.9552863531231336,1.0,-1.7761616599497352,stable
Repeat-contact delay,long,High load,COCPIT only,Corridor interaction share,180.0,360.0,20,0.0756907846145798,0.0881176897274391,0.0658637192321325,0.1103716602227456,1.1641798955597775,1.0,1.6659727786575245,stable
Repeat-contact delay,short,High load,COCPIT only,Corridor interaction share,180.0,90.0,20,0.0756907846145798,0.0861226105197099,0.0680675267380462,0.1041776943013737,1.13782161141874,1.0,2.0069196446899404,stable
Repeat-contact delay,long,High load,COCPIT only,F2F interactions per hour,180.0,360.0,20,6.949999999999999,6.389999999999999,5.645566572203361,7.134433427796637,0.9194244604316546,1.0,3.6114973323909942,stable
Repeat-contact delay,short,High load,COCPIT only,F2F interactions per hour,180.0,90.0,20,6.949999999999999,6.305,5.400034029136425,7.209965970863575,0.9071942446043166,1.0,2.931332942048503,stable
Repeat-contact delay,long,High load,COCPIT only,Mean ED pressure index,180.0,360.0,20,0.0036871997955246,0.0307846189043209,-0.0057646792364994,0.0673339170451414,8.349050936075209,0.55,0.3543782397708663,stable
Repeat-contact delay,short,High load,COCPIT only,Mean ED pressure index,180.0,90.0,20,0.0036871997955246,0.014268140470679,-0.0117893972647654,0.0403256782061235,3.869641262184171,0.55,0.2303808135289174,stable
Repeat-contact delay,long,High load,COCPIT only,Patient-facing interaction share,180.0,360.0,20,-0.1388716288287287,-0.1218743577506578,-0.1414482301915728,-0.1023004853097429,0.8776044378435737,1.0,-2.6196778790579915,stable
Repeat-contact delay,short,High load,COCPIT only,Patient-facing interaction share,180.0,90.0,20,-0.1388716288287287,-0.1185944597978596,-0.1406845690639055,-0.0965043505318137,0.8539862374922021,1.0,-2.258805537315074,stable
Repeat-contact delay,long,High load,COCPIT only,Selected coordination opportunities,180.0,360.0,20,89.85,82.8,75.9280735252999,89.6719264747001,0.9215358931552587,1.0,5.0694884646650635,stable
Repeat-contact delay,short,High load,COCPIT only,Selected coordination opportunities,180.0,90.0,20,89.85,85.25,78.19188701228377,92.30811298771624,0.9488035614913746,1.0,5.081806072674949,stable
Repeat-contact delay,long,High load,COCPIT only,Staff–staff interaction share,180.0,360.0,20,0.1209721971176227,0.1084015551008442,0.0922779895720547,0.1245251206296337,0.8960865197434094,1.0,2.828698968568956,stable
Repeat-contact delay,short,High load,COCPIT only,Staff–staff interaction share,180.0,90.0,20,0.1209721971176227,0.0991431865597568,0.077505584959777,0.1207807881597366,0.8195534918106743,1.0,1.9278181284035096,stable
Repeat-contact delay,long,High load,COCPIT only,Successful approaches,180.0,360.0,20,74.72,69.45,62.978288943409176,75.92171105659084,0.9294700214132764,1.0,4.515079874066937,stable
Repeat-contact delay,short,High load,COCPIT only,Successful approaches,180.0,90.0,20,74.72,72.0,66.29451971669712,77.70548028330288,0.9635974304068524,1.0,5.309487394986029,stable
Repeat-contact delay,long,High load,COCPIT only,Visible staff encounters,180.0,360.0,20,16398.47,16013.75,15455.024489492758,16572.475510507244,0.9765392747006276,1.0,12.058876565876467,stable
Repeat-contact delay,short,High load,COCPIT only,Visible staff encounters,180.0,90.0,20,16398.47,15769.65,15181.525290602052,16357.774709397949,0.9616537396476622,1.0,11.281450310075211,stable
Repeat-contact delay,long,High load,NURSTA only,Actionable visibility opportunities,180.0,360.0,20,1.13,17.85,-34.477976880642466,70.17797688064246,15.796460176991154,0.55,0.1435213737799932,weakened
Repeat-contact delay,short,High load,NURSTA only,Actionable visibility opportunities,180.0,90.0,20,1.13,-5.0,-56.27938377164842,46.27938377164842,-4.424778761061948,0.5,-0.0410241426184006,flipped
Repeat-contact delay,long,High load,NURSTA only,Approach attempts,180.0,360.0,20,-0.17,1.85,-2.718535202309034,6.418535202309034,-10.882352941176473,0.3,0.1703754670211064,flipped
Repeat-contact delay,short,High load,NURSTA only,Approach attempts,180.0,90.0,20,-0.17,-5.0,-9.13340181041183,-0.8665981895881707,29.41176470588235,0.65,-0.5089494923848696,weakened
Repeat-contact delay,long,High load,NURSTA only,Bedside / patient-room interaction share,180.0,360.0,20,-0.0052446573765479,-0.010500985517332,-0.0317738223812743,0.0107718513466102,2.002225267238323,0.55,-0.2076906552322393,weakened
Repeat-contact delay,short,High load,NURSTA only,Bedside / patient-room interaction share,180.0,90.0,20,-0.0052446573765479,0.0236342400506903,0.0073447472792016,0.039923732822179,-4.506345859001896,0.3,0.6104447845030634,flipped
Repeat-contact delay,long,High load,NURSTA only,Corridor interaction share,180.0,360.0,20,0.0011750903901055,-0.0031607800406942,-0.0190643284850905,0.012742768403702,-2.689818644853743,0.55,-0.0836204585337191,flipped
Repeat-contact delay,short,High load,NURSTA only,Corridor interaction share,180.0,90.0,20,0.0011750903901055,-0.008682354885595,-0.0249753096965367,0.0076105999253466,-7.388669806767395,0.35,-0.2242074229721294,flipped
Repeat-contact delay,long,High load,NURSTA only,F2F interactions per hour,180.0,360.0,20,0.2329999999999998,0.0600000000000001,-0.5718250524014579,0.6918250524014582,0.2575107296137348,0.5,0.0399545933527523,weakened
Repeat-contact delay,short,High load,NURSTA only,F2F interactions per hour,180.0,90.0,20,0.2329999999999998,-0.1099999999999996,-0.8143811109574729,0.5943811109574736,-0.4721030042918442,0.45,-0.0657048291771891,flipped
Repeat-contact delay,long,High load,NURSTA only,Mean ED pressure index,180.0,360.0,20,-0.0064573644791666,0.011039900790895,-0.0227058711457264,0.0447856727275165,-1.70966047007461,0.45,0.137644261531918,stable
Repeat-contact delay,short,High load,NURSTA only,Mean ED pressure index,180.0,90.0,20,-0.0064573644791666,0.021977542824074,-0.0112924834093425,0.0552475690574906,-3.403484950397366,0.4,0.2779318371946966,stable
Repeat-contact delay,long,High load,NURSTA only,Patient-facing interaction share,180.0,360.0,20,-0.0077526969822016,-0.0219145363221658,-0.0459507554039581,0.0021216827596264,2.8266984215269297,0.7,-0.383599858983627,weakened
Repeat-contact delay,short,High load,NURSTA only,Patient-facing interaction share,180.0,90.0,20,-0.0077526969822016,0.0248029938676637,0.0079508080208232,0.0416551797145041,-3.1992729658602252,0.25,0.6192416690875703,flipped
Repeat-contact delay,long,High load,NURSTA only,Selected coordination opportunities,180.0,360.0,20,1.69,2.5,-3.1116851770493845,8.111685177049385,1.4792899408284024,0.45,0.1874385934759369,weakened
Repeat-contact delay,short,High load,NURSTA only,Selected coordination opportunities,180.0,90.0,20,1.69,-3.85,-9.43418991910479,1.7341899191047907,-2.27810650887574,0.35,-0.2900767064613316,flipped
Repeat-contact delay,long,High load,NURSTA only,Staff–staff interaction share,180.0,360.0,20,0.0065300670040977,0.0191671976251556,-0.0013194004821247,0.039653795732436,2.935222198046049,0.7,0.3936416825541411,weakened
Repeat-contact delay,short,High load,NURSTA only,Staff–staff interaction share,180.0,90.0,20,0.0065300670040977,-0.0258403681717525,-0.0424263368784785,-0.0092543994650266,-3.9571367576377754,0.25,-0.6554961754113696,flipped
Repeat-contact delay,long,High load,NURSTA only,Successful approaches,180.0,360.0,20,0.28,1.45,-3.178333313748902,6.078333313748902,5.178571428571428,0.6,0.1318122220422088,weakened
Repeat-contact delay,short,High load,NURSTA only,Successful approaches,180.0,90.0,20,0.28,-3.55,-7.097645594356614,-0.0023544056433859,-12.678571428571429,0.25,-0.4210177750479206,flipped
Repeat-contact delay,long,High load,NURSTA only,Visible staff encounters,180.0,360.0,20,456.45,606.5,154.0922917637467,1058.9077082362533,1.3287326103625807,0.7,0.5640441714882547,stable
Repeat-contact delay,short,High load,NURSTA only,Visible staff encounters,180.0,90.0,20,456.45,453.55,143.2163399096827,763.8836600903173,0.993646620659437,0.75,0.6149058068342316,stable
Repeat-contact delay,long,Normal load,Both,Actionable visibility opportunities,180.0,360.0,20,688.02,785.85,611.7947003960796,959.9052996039204,1.142190633993198,1.0,1.8996111625319048,stable
Repeat-contact delay,short,Normal load,Both,Actionable visibility opportunities,180.0,90.0,20,688.02,713.95,593.5850783229774,834.3149216770227,1.0376878579111073,1.0,2.4956298234464107,stable
Repeat-contact delay,long,Normal load,Both,Approach attempts,180.0,360.0,20,111.56,116.05,108.92687267084403,123.17312732915596,1.040247400501972,1.0,6.854673031416357,stable
Repeat-contact delay,short,Normal load,Both,Approach attempts,180.0,90.0,20,111.56,116.55,112.8163076269138,120.2836923730862,1.0447292936536392,1.0,13.13366854519407,stable
Repeat-contact delay,long,Normal load,Both,Bedside / patient-room interaction share,180.0,360.0,20,-0.0864501389607065,-0.077926261626408,-0.094570528431685,-0.061281994821131,0.901401230388158,1.0,-1.969842394234463,stable
Repeat-contact delay,short,Normal load,Both,Bedside / patient-room interaction share,180.0,90.0,20,-0.0864501389607065,-0.0875817586796018,-0.1059223545986182,-0.0692411627605855,1.0130898542500866,1.0,-2.0091507589297155,stable
Repeat-contact delay,long,Normal load,Both,Corridor interaction share,180.0,360.0,20,0.1031667095061176,0.0764523823670502,0.0550869992788921,0.0978177654552083,0.7410567103772632,0.9,1.505541202694493,stable
Repeat-contact delay,short,Normal load,Both,Corridor interaction share,180.0,90.0,20,0.1031667095061176,0.1007942942859877,0.0796778334278915,0.121910755144084,0.977004062342522,1.0,2.0082932256637855,stable
Repeat-contact delay,long,Normal load,Both,F2F interactions per hour,180.0,360.0,20,8.956999999999999,9.255,8.279500280288152,10.23049971971185,1.0332700681031597,1.0,3.991733885256563,stable
Repeat-contact delay,short,Normal load,Both,F2F interactions per hour,180.0,90.0,20,8.956999999999999,8.614999999999998,7.641595933956778,9.588404066043218,0.9618175728480516,1.0,3.723697835527077,stable
Repeat-contact delay,long,Normal load,Both,Mean ED pressure index,180.0,360.0,20,-0.0055647127237654,-0.0361322027970678,-0.114577186896918,0.0423127813027822,6.493093999759757,0.4,-0.1937945530991287,stable
Repeat-contact delay,short,Normal load,Both,Mean ED pressure index,180.0,90.0,20,-0.0055647127237654,-0.0211258718364197,-0.0727982360309278,0.0305464923580883,3.796399362395976,0.55,-0.1720159090096501,stable
Repeat-contact delay,long,Normal load,Both,Patient-facing interaction share,180.0,360.0,20,-0.1280413976235112,-0.1212598512837073,-0.141629066353826,-0.1008906362135887,0.9470362986840862,1.0,-2.5046961262412135,stable
Repeat-contact delay,short,Normal load,Both,Patient-facing interaction share,180.0,90.0,20,-0.1280413976235112,-0.1394084150942196,-0.1564590677249334,-0.1223577624635057,1.088776112114393,1.0,-3.440014630817828,stable
Repeat-contact delay,long,Normal load,Both,Selected coordination opportunities,180.0,360.0,20,105.86,109.95,100.59493676074148,119.30506323925852,1.0386359342527869,1.0,4.944937565941442,stable
Repeat-contact delay,short,Normal load,Both,Selected coordination opportunities,180.0,90.0,20,105.86,112.25,105.28125662615372,119.21874337384628,1.0603627432457965,1.0,6.7771045332649935,stable
Repeat-contact delay,long,Normal load,Both,Staff–staff interaction share,180.0,360.0,20,0.109971145171956,0.1047044575556206,0.0861944640792574,0.1232144510319838,0.9521084589225643,1.0,2.379968516705319,stable
Repeat-contact delay,short,Normal load,Both,Staff–staff interaction share,180.0,90.0,20,0.109971145171956,0.1146924387908514,0.094738809318838,0.1346460682628647,1.0429321128875486,1.0,2.418383609590512,stable
Repeat-contact delay,long,Normal load,Both,Successful approaches,180.0,360.0,20,93.05,94.85,88.44454885109154,101.25545114890843,1.0193444384739387,1.0,6.2301703035558695,stable
Repeat-contact delay,short,Normal load,Both,Successful approaches,180.0,90.0,20,93.05,97.45,94.1688288676145,100.73117113238553,1.047286405158517,1.0,12.495834598751609,stable
Repeat-contact delay,long,Normal load,Both,Visible staff encounters,180.0,360.0,20,20232.54,19675.65,18624.61427003185,20726.68572996815,0.9724755270470242,1.0,7.87633020266201,stable
Repeat-contact delay,short,Normal load,Both,Visible staff encounters,180.0,90.0,20,20232.54,19666.2,18883.92014167711,20448.47985832289,0.9720084576627552,1.0,10.577197401529109,stable
Repeat-contact delay,long,Normal load,COCPIT only,Actionable visibility opportunities,180.0,360.0,20,692.73,744.0,625.3706905480242,862.6293094519758,1.0740115196396864,1.0,2.638719580573927,stable
Repeat-contact delay,short,Normal load,COCPIT only,Actionable visibility opportunities,180.0,90.0,20,692.73,720.55,596.8647165466022,844.2352834533978,1.0401599468768494,1.0,2.451085159071983,stable
Repeat-contact delay,long,Normal load,COCPIT only,Approach attempts,180.0,360.0,20,116.26,117.25,110.10363493206438,124.39636506793562,1.00851539652503,1.0,6.903033163618692,stable
Repeat-contact delay,short,Normal load,COCPIT only,Approach attempts,180.0,90.0,20,116.26,115.6,108.3629314454568,122.83706855454318,0.9943230689833132,1.0,6.720590814935188,stable
Repeat-contact delay,long,Normal load,COCPIT only,Bedside / patient-room interaction share,180.0,360.0,20,-0.0847789786808627,-0.0785927932613194,-0.0942530648377174,-0.0629325216849214,0.9270316118948518,0.95,-2.111522636545631,stable
Repeat-contact delay,short,Normal load,COCPIT only,Bedside / patient-room interaction share,180.0,90.0,20,-0.0847789786808627,-0.0790020910486775,-0.0933271003041217,-0.0646770817932333,0.931859433528548,1.0,-2.320363267703996,stable
Repeat-contact delay,long,Normal load,COCPIT only,Corridor interaction share,180.0,360.0,20,0.1071947921792265,0.0865615120865817,0.0688780522281317,0.1042449719450317,0.8075160213180271,1.0,2.0595384290514156,stable
Repeat-contact delay,short,Normal load,COCPIT only,Corridor interaction share,180.0,90.0,20,0.1071947921792265,0.0978276945201155,0.0795538521532315,0.1161015368869995,0.912616112511796,1.0,2.25239342548224,stable
Repeat-contact delay,long,Normal load,COCPIT only,F2F interactions per hour,180.0,360.0,20,9.251,8.945,8.00324680962635,9.88675319037365,0.96692249486542,1.0,3.9962767039190896,stable
Repeat-contact delay,short,Normal load,COCPIT only,F2F interactions per hour,180.0,90.0,20,9.251,9.015,8.21248577845033,9.817514221549668,0.97448924440601,1.0,4.726343698623388,stable
Repeat-contact delay,long,Normal load,COCPIT only,Mean ED pressure index,180.0,360.0,20,0.0006600118479938,-0.0215611686921296,-0.0812768016045729,0.0381544642203136,-32.66785097520274,0.5,-0.15191356807805,stable
Repeat-contact delay,short,Normal load,COCPIT only,Mean ED pressure index,180.0,90.0,20,0.0006600118479938,-0.005469053607253,-0.0555879493284421,0.0446498421139359,-8.286296107982052,0.45,-0.0459116597644844,stable
Repeat-contact delay,long,Normal load,COCPIT only,Patient-facing interaction share,180.0,360.0,20,-0.1267767794407479,-0.1192856631353204,-0.1396959799545605,-0.0988753463160804,0.9409109748766844,1.0,-2.458956294746693,stable
Repeat-contact delay,short,Normal load,COCPIT only,Patient-facing interaction share,180.0,90.0,20,-0.1267767794407479,-0.12952296114761,-0.1439174181109636,-0.1151285041842565,1.0216615512633818,1.0,-3.785853338365477,stable
Repeat-contact delay,long,Normal load,COCPIT only,Selected coordination opportunities,180.0,360.0,20,108.99,108.5,100.72149114547013,116.27850885452987,0.995504174694926,1.0,5.868751144834818,stable
Repeat-contact delay,short,Normal load,COCPIT only,Selected coordination opportunities,180.0,90.0,20,108.99,109.65,103.42869583819564,115.87130416180436,1.006055601431324,1.0,7.415484097629015,stable
Repeat-contact delay,long,Normal load,COCPIT only,Staff–staff interaction share,180.0,360.0,20,0.1109786774992191,0.1002948694857552,0.0831359772071317,0.1174537617643788,0.9037309845980188,1.0,2.4592448824492297,stable
Repeat-contact delay,short,Normal load,COCPIT only,Staff–staff interaction share,180.0,90.0,20,0.1109786774992191,0.1043340425959584,0.0881903808959691,0.1204777042959476,0.9401269230000744,1.0,2.7191695837461927,stable
Repeat-contact delay,long,Normal load,COCPIT only,Successful approaches,180.0,360.0,20,94.53,96.3,90.4716337217292,102.1283662782708,1.018724214535068,1.0,6.951711764976002,stable
Repeat-contact delay,short,Normal load,COCPIT only,Successful approaches,180.0,90.0,20,94.53,97.5,91.44633647241083,103.55366352758917,1.0314185972707075,1.0,6.77639391437353,stable
Repeat-contact delay,long,Normal load,COCPIT only,Visible staff encounters,180.0,360.0,20,19747.02,20039.7,18966.60204808655,21112.79795191345,1.0148214768608124,1.0,7.8571339348413,stable
Repeat-contact delay,short,Normal load,COCPIT only,Visible staff encounters,180.0,90.0,20,19747.02,19526.8,18739.49660198959,20314.103398010408,0.9888479375622246,1.0,10.435211573483809,stable
Repeat-contact delay,long,Normal load,NURSTA only,Actionable visibility opportunities,180.0,360.0,20,23.56,52.15,-79.13776112518318,183.4377611251832,2.2134974533106964,0.5,0.1671253681848257,weakened
Repeat-contact delay,short,Normal load,NURSTA only,Actionable visibility opportunities,180.0,90.0,20,23.56,65.9,-78.95921464141074,210.75921464141075,2.7971137521222413,0.45,0.1914042579633657,weakened
Repeat-contact delay,long,Normal load,NURSTA only,Approach attempts,180.0,360.0,20,-1.25,0.45,-3.3640565226402623,4.264056522640263,-0.36,0.4,0.0496406769713516,flipped
Repeat-contact delay,short,Normal load,NURSTA only,Approach attempts,180.0,90.0,20,-1.25,0.1,-4.947162746481797,5.147162746481796,-0.08,0.5,0.0083361399617962,flipped
Repeat-contact delay,long,Normal load,NURSTA only,Bedside / patient-room interaction share,180.0,360.0,20,-0.0012191482681021,-0.0065721809445047,-0.0247097931378853,0.0115654312488758,5.390797097006058,0.5,-0.1524550120321638,weakened
Repeat-contact delay,short,Normal load,NURSTA only,Bedside / patient-room interaction share,180.0,90.0,20,-0.0012191482681021,-0.0027296922689734,-0.0189693739704394,0.0135099894324925,2.2390158280115533,0.45,-0.0707210147385336,weakened
Repeat-contact delay,long,Normal load,NURSTA only,Corridor interaction share,180.0,360.0,20,0.0012716261658183,-0.0165839049487086,-0.0420092839059248,0.0088414740085076,-13.04149395041486,0.45,-0.2744300544710787,flipped
Repeat-contact delay,short,Normal load,NURSTA only,Corridor interaction share,180.0,90.0,20,0.0012716261658183,0.0153802909848282,-0.0006886438021197,0.0314492257717762,12.094978381426223,0.75,0.4027075486504598,weakened
Repeat-contact delay,long,Normal load,NURSTA only,F2F interactions per hour,180.0,360.0,20,0.0699999999999999,0.2,-0.690271159165625,1.0902711591656251,2.8571428571428616,0.65,0.0945191914429043,weakened
Repeat-contact delay,short,Normal load,NURSTA only,F2F interactions per hour,180.0,90.0,20,0.0699999999999999,-0.04,-1.068068701370119,0.9880687013701188,-0.5714285714285728,0.45,-0.0163700558176953,flipped
Repeat-contact delay,long,Normal load,NURSTA only,Mean ED pressure index,180.0,360.0,20,-0.005380967816358,-0.0135309160879629,-0.0724190999572321,0.0453572677813061,2.514587812034357,0.65,-0.096674369112917,stable
Repeat-contact delay,short,Normal load,NURSTA only,Mean ED pressure index,180.0,90.0,20,-0.005380967816358,-0.0315921640432098,-0.09613293142156,0.0329486033351403,5.871093290536051,0.5,-0.2059479899487671,stable
Repeat-contact delay,long,Normal load,NURSTA only,Patient-facing interaction share,180.0,360.0,20,-0.000823876141203,-0.0127615192790068,-0.0300179487063218,0.004494910148308,15.489608984638018,0.55,-0.3111456601210924,weakened
Repeat-contact delay,short,Normal load,NURSTA only,Patient-facing interaction share,180.0,90.0,20,-0.000823876141203,-0.0020209788821774,-0.0206465372726457,0.0166045795082909,2.4530129968643566,0.5,-0.0456525226223215,weakened
Repeat-contact delay,long,Normal load,NURSTA only,Selected coordination opportunities,180.0,360.0,20,-1.51,4.85,-2.7865571052047153,12.486557105204714,-3.2119205298013243,0.4,0.2672122977046925,flipped
Repeat-contact delay,short,Normal load,NURSTA only,Selected coordination opportunities,180.0,90.0,20,-1.51,4.2,-1.3575591764730666,9.757559176473066,-2.781456953642384,0.35,0.3179636701297619,flipped
Repeat-contact delay,long,Normal load,NURSTA only,Staff–staff interaction share,180.0,360.0,20,-0.0008247857176621,0.0120282034730806,-0.0057872971893047,0.0298437041354659,-14.583428417232064,0.4,0.2840632431300904,flipped
Repeat-contact delay,short,Normal load,NURSTA only,Staff–staff interaction share,180.0,90.0,20,-0.0008247857176621,-0.0028776144044816,-0.0267573214381051,0.0210020926291419,3.488923659636568,0.5,-0.0507009282884394,weakened
Repeat-contact delay,long,Normal load,NURSTA only,Successful approaches,180.0,360.0,20,-0.07,1.7,-2.558922127042302,5.958922127042302,-24.28571428571428,0.4,0.1679428537932758,flipped
Repeat-contact delay,short,Normal load,NURSTA only,Successful approaches,180.0,90.0,20,-0.07,1.1,-3.884682980998153,6.084682980998153,-15.714285714285714,0.35,0.09284690871521,flipped
Repeat-contact delay,long,Normal load,NURSTA only,Visible staff encounters,180.0,360.0,20,548.38,643.1,178.72910449875138,1107.4708955012486,1.17272694117218,0.8,0.5826742471200951,stable
Repeat-contact delay,short,Normal load,NURSTA only,Visible staff encounters,180.0,90.0,20,548.38,847.65,287.73584335190515,1407.564156648095,1.5457347095080054,0.7,0.6369530547153757,stable
Station-return tendency,high,High load,Both,Actionable visibility opportunities,0.42,0.7,20,537.95,540.2,494.025987021634,586.3740129783661,1.0041825448461752,1.0,4.922313448598307,stable
Station-return tendency,low,High load,Both,Actionable visibility opportunities,0.42,0.2,20,537.95,526.15,480.4439017059741,571.8560982940259,0.978064875917836,1.0,4.843370943599386,stable
Station-return tendency,high,High load,Both,Approach attempts,0.42,0.7,20,95.52,97.05,87.33446345713273,106.76553654286728,1.0160175879396984,1.0,4.202822578049674,stable
Station-return tendency,low,High load,Both,Approach attempts,0.42,0.2,20,95.52,91.5,82.90053490035572,100.09946509964428,0.9579145728643216,1.0,4.476740929588103,stable
Station-return tendency,high,High load,Both,Bedside / patient-room interaction share,0.42,0.7,20,-0.0876218172789389,-0.0983356967779721,-0.1127151259368411,-0.0839562676191031,1.1222741074283618,1.0,-2.877278234209002,stable
Station-return tendency,low,High load,Both,Bedside / patient-room interaction share,0.42,0.2,20,-0.0876218172789389,-0.0883279070914052,-0.1020104755525122,-0.0746453386302982,1.0080583790018705,1.0,-2.71608037020978,stable
Station-return tendency,high,High load,Both,Corridor interaction share,0.42,0.7,20,0.0748025163647015,0.0812359756656772,0.0602098723850332,0.1022620789463213,1.0860059208384016,1.0,1.6255559199780132,stable
Station-return tendency,low,High load,Both,Corridor interaction share,0.42,0.2,20,0.0748025163647015,0.0896335636487896,0.0682403992071536,0.1110267280904255,1.1982693631826364,1.0,1.76281988397487,stable
Station-return tendency,high,High load,Both,F2F interactions per hour,0.42,0.7,20,7.669,7.355,6.2433903951097705,8.466609604890229,0.9590559394966748,1.0,2.783829886311179,stable
Station-return tendency,low,High load,Both,F2F interactions per hour,0.42,0.2,20,7.669,7.265000000000001,6.1787996588784235,8.351200341121578,0.9473203807536836,1.0,2.8140900483326936,stable
Station-return tendency,high,High load,Both,Mean ED pressure index,0.42,0.7,20,-0.0122874969367284,-0.0033916541473765,-0.0390561149218224,0.0322728066270693,0.2760248213969943,0.45,-0.0400118106168985,stable
Station-return tendency,low,High load,Both,Mean ED pressure index,0.42,0.2,20,-0.0122874969367284,-0.0063505547260802,-0.0407607641962291,0.0280596547440686,0.5168306253731699,0.65,-0.0776491405427018,stable
Station-return tendency,high,High load,Both,Patient-facing interaction share,0.42,0.7,20,-0.1471421374672993,-0.1515867221865359,-0.1712789847327464,-0.1318944596403254,1.030206063305451,1.0,-3.2387531722335727,stable
Station-return tendency,low,High load,Both,Patient-facing interaction share,0.42,0.2,20,-0.1471421374672993,-0.1426540822503433,-0.1652487237494838,-0.1200594407512027,0.9694985046825664,1.0,-2.656385223553077,stable
Station-return tendency,high,High load,Both,Selected coordination opportunities,0.42,0.7,20,93.75,94.1,85.49066557985492,102.70933442014508,1.0037333333333334,1.0,4.5986711264441,stable
Station-return tendency,low,High load,Both,Selected coordination opportunities,0.42,0.2,20,93.75,88.25,79.94430791248365,96.55569208751636,0.9413333333333334,1.0,4.470449506591854,stable
Station-return tendency,high,High load,Both,Staff–staff interaction share,0.42,0.7,20,0.1273473175513008,0.1350369595963343,0.1190767982546842,0.1509971209379845,1.0603832274828706,1.0,3.559817062499609,stable
Station-return tendency,low,High load,Both,Staff–staff interaction share,0.42,0.2,20,0.1273473175513008,0.1191809222573569,0.1006045666258602,0.1377572778888536,0.935873048204144,1.0,2.6993458507133905,stable
Station-return tendency,high,High load,Both,Successful approaches,0.42,0.7,20,77.53,80.6,73.13735511821854,88.06264488178145,1.0395975751322069,1.0,4.544170025413485,stable
Station-return tendency,low,High load,Both,Successful approaches,0.42,0.2,20,77.53,75.0,67.45838883610614,82.54161116389386,0.96736747065652,1.0,4.184171076009768,stable
Station-return tendency,high,High load,Both,Visible staff encounters,0.42,0.7,20,16899.26,16916.6,16231.950924277568,17601.24907572243,1.0010260804319242,1.0,10.395786715046658,stable
Station-return tendency,low,High load,Both,Visible staff encounters,0.42,0.2,20,16899.26,16287.2,15536.052331358138,17038.34766864186,0.9637818460689996,1.0,9.122910458442304,stable
Station-return tendency,high,High load,COCPIT only,Actionable visibility opportunities,0.42,0.7,20,523.11,488.55,444.9305893063288,532.1694106936712,0.9339335894936056,1.0,4.7123933049398845,stable
Station-return tendency,low,High load,COCPIT only,Actionable visibility opportunities,0.42,0.2,20,523.11,520.45,450.09726853168655,590.8027314683136,0.9949150274320888,1.0,3.1125071353131855,stable
Station-return tendency,high,High load,COCPIT only,Approach attempts,0.42,0.7,20,93.1,96.95,89.55803139958823,104.34196860041178,1.0413533834586468,1.0,5.51823265089253,stable
Station-return tendency,low,High load,COCPIT only,Approach attempts,0.42,0.2,20,93.1,88.9,81.96904068309217,95.83095931690784,0.9548872180451128,1.0,5.396606074604491,stable
Station-return tendency,high,High load,COCPIT only,Bedside / patient-room interaction share,0.42,0.7,20,-0.0834972074189264,-0.0925035486475402,-0.1096447869119819,-0.0753623103830984,1.1078639814075066,1.0,-2.2705366081018448,stable
Station-return tendency,low,High load,COCPIT only,Bedside / patient-room interaction share,0.42,0.2,20,-0.0834972074189264,-0.0806914027147129,-0.0931919005559494,-0.0681909048734763,0.9663964246117108,1.0,-2.7158905396404363,stable
Station-return tendency,high,High load,COCPIT only,Corridor interaction share,0.42,0.7,20,0.0756907846145798,0.0813421202599329,0.0656218690369027,0.0970623714829631,1.0746634570394529,1.0,2.1770495457813195,stable
Station-return tendency,low,High load,COCPIT only,Corridor interaction share,0.42,0.2,20,0.0756907846145798,0.0789754752519385,0.0602965774976363,0.0976543730062406,1.0433961763520416,1.0,1.7789072691109424,stable
Station-return tendency,high,High load,COCPIT only,F2F interactions per hour,0.42,0.7,20,6.949999999999999,6.94,5.852671747621239,8.027328252378762,0.9985611510791368,1.0,2.685413107861202,stable
Station-return tendency,low,High load,COCPIT only,F2F interactions per hour,0.42,0.2,20,6.949999999999999,6.925,6.013866252812926,7.836133747187073,0.9964028776978416,1.0,3.1977900853976653,stable
Station-return tendency,high,High load,COCPIT only,Mean ED pressure index,0.42,0.7,20,0.0036871997955246,0.033010949382716,0.0012799020260155,0.0647419967394165,8.952850730460455,0.75,0.4377094409337684,weakened
Station-return tendency,low,High load,COCPIT only,Mean ED pressure index,0.42,0.2,20,0.0036871997955246,-0.0041116336612654,-0.0381877332717046,0.0299644659491737,-1.1151100806243273,0.3,-0.0507664552928953,stable
Station-return tendency,high,High load,COCPIT only,Patient-facing interaction share,0.42,0.7,20,-0.1388716288287287,-0.1338710284011292,-0.1532651769816003,-0.114476879820658,0.9639912020203436,1.0,-2.9042111454041755,stable
Station-return tendency,low,High load,COCPIT only,Patient-facing interaction share,0.42,0.2,20,-0.1388716288287287,-0.1368320685243259,-0.1562532709267093,-0.1174108661219424,0.9853133406614092,1.0,-2.964313176912418,stable
Station-return tendency,high,High load,COCPIT only,Selected coordination opportunities,0.42,0.7,20,89.85,90.7,84.39985590808057,97.00014409191944,1.0094602114635505,1.0,6.057160913600399,stable
Station-return tendency,low,High load,COCPIT only,Selected coordination opportunities,0.42,0.2,20,89.85,83.8,76.90750852471749,90.69249147528252,0.932665553700612,1.0,5.115405752855115,stable
Station-return tendency,high,High load,COCPIT only,Staff–staff interaction share,0.42,0.7,20,0.1209721971176227,0.1215961425702114,0.1060068606043161,0.1371854245361067,1.0051577591170149,1.0,3.2817537652537276,stable
Station-return tendency,low,High load,COCPIT only,Staff–staff interaction share,0.42,0.2,20,0.1209721971176227,0.1179023718683478,0.0994823499701712,0.1363223937665245,0.9746237125354512,1.0,2.6930517961309937,stable
Station-return tendency,high,High load,COCPIT only,Successful approaches,0.42,0.7,20,74.72,78.25,71.55652108392056,84.94347891607944,1.047243040685225,1.0,4.918636780791044,stable
Station-return tendency,low,High load,COCPIT only,Successful approaches,0.42,0.2,20,74.72,71.55,65.76101046904785,77.33898953095215,0.9575749464668094,1.0,5.200189625113329,stable
Station-return tendency,high,High load,COCPIT only,Visible staff encounters,0.42,0.7,20,16398.47,16240.6,15580.499462378966,16900.700537621036,0.9903728823481702,1.0,10.35152392126993,stable
Station-return tendency,low,High load,COCPIT only,Visible staff encounters,0.42,0.2,20,16398.47,15679.5,15261.976353900009,16097.023646099991,0.9561562755549756,1.0,15.800231116202957,stable
Station-return tendency,high,High load,NURSTA only,Actionable visibility opportunities,0.42,0.7,20,1.13,-19.25,-54.77184287241628,16.27184287241628,-17.035398230088497,0.5,-0.2280066698406491,flipped
Station-return tendency,low,High load,NURSTA only,Actionable visibility opportunities,0.42,0.2,20,1.13,-9.25,-46.06046954904342,27.560469549043415,-8.185840707964603,0.5,-0.1057262143394737,flipped
Station-return tendency,high,High load,NURSTA only,Approach attempts,0.42,0.7,20,-0.17,0.2,-4.519448317446926,4.919448317446927,-1.1764705882352942,0.4,0.0178299886913039,flipped
Station-return tendency,low,High load,NURSTA only,Approach attempts,0.42,0.2,20,-0.17,0.65,-4.0986510217445735,5.398651021744574,-3.8235294117647056,0.3,0.0575911046458963,flipped
Station-return tendency,high,High load,NURSTA only,Bedside / patient-room interaction share,0.42,0.7,20,-0.0052446573765479,-0.0011281500237619,-0.0184556855699335,0.0161993855224096,0.2151046184268575,0.45,-0.027393174559906,weakened
Station-return tendency,low,High load,NURSTA only,Bedside / patient-room interaction share,0.42,0.2,20,-0.0052446573765479,-0.0040179487024388,-0.0192353899838625,0.0111994925789848,0.7661031815739889,0.55,-0.111090023767608,weakened
Station-return tendency,high,High load,NURSTA only,Corridor interaction share,0.42,0.7,20,0.0011750903901055,-0.0052513182752774,-0.021520307578148,0.0110176710275932,-4.468863263196239,0.4,-0.1358063490602402,flipped
Station-return tendency,low,High load,NURSTA only,Corridor interaction share,0.42,0.2,20,0.0011750903901055,-0.0008637288941071,-0.0237256855038387,0.0219982277156244,-0.7350318761688072,0.55,-0.0158955792481624,flipped
Station-return tendency,high,High load,NURSTA only,F2F interactions per hour,0.42,0.7,20,0.2329999999999998,-0.1350000000000001,-0.897728469309188,0.6277284693091878,-0.5793991416309024,0.35,-0.0744691022071103,flipped
Station-return tendency,low,High load,NURSTA only,F2F interactions per hour,0.42,0.2,20,0.2329999999999998,0.4300000000000004,-0.3634974732158879,1.2234974732158888,1.8454935622317632,0.65,0.2280001926719589,weakened
Station-return tendency,high,High load,NURSTA only,Mean ED pressure index,0.42,0.7,20,-0.0064573644791666,0.0074066447916666,-0.0291473284667164,0.0439606180500496,-1.147007392189597,0.5,0.0852509513198695,stable
Station-return tendency,low,High load,NURSTA only,Mean ED pressure index,0.42,0.2,20,-0.0064573644791666,-0.0013489408757716,-0.032526469697698,0.0298285879461548,0.2088996029453964,0.55,-0.0182038618975033,stable
Station-return tendency,high,High load,NURSTA only,Patient-facing interaction share,0.42,0.7,20,-0.0077526969822016,0.0104134544259513,-0.0088913468746265,0.0297182557265292,-1.3432041068879927,0.5,0.2269560641510223,flipped
Station-return tendency,low,High load,NURSTA only,Patient-facing interaction share,0.42,0.2,20,-0.0077526969822016,-0.0025539446444359,-0.0264659853224616,0.0213580960335897,0.3294266047414458,0.45,-0.0449373176718653,weakened
Station-return tendency,high,High load,NURSTA only,Selected coordination opportunities,0.42,0.7,20,1.69,-0.65,-5.49976246841018,4.199762468410179,-0.3846153846153846,0.5,-0.0563904025612588,flipped
Station-return tendency,low,High load,NURSTA only,Selected coordination opportunities,0.42,0.2,20,1.69,-2.15,-7.737809494548683,3.437809494548683,-1.272189349112426,0.55,-0.1618859563433875,flipped
Station-return tendency,high,High load,NURSTA only,Staff–staff interaction share,0.42,0.7,20,0.0065300670040977,-0.0053463990192092,-0.0218992693941861,0.0112064713557676,-0.8187357060585004,0.55,-0.1358940246351301,flipped
Station-return tendency,low,High load,NURSTA only,Staff–staff interaction share,0.42,0.2,20,0.0065300670040977,-0.0019695999476506,-0.0227915652473328,0.0188523653520316,-0.3016201742516051,0.4,-0.0397986748801424,flipped
Station-return tendency,high,High load,NURSTA only,Successful approaches,0.42,0.7,20,0.28,2.2,-2.497978602268046,6.897978602268046,7.857142857142857,0.55,0.1970261871723146,weakened
Station-return tendency,low,High load,NURSTA only,Successful approaches,0.42,0.2,20,0.28,1.45,-3.3562086819796777,6.256208681979678,5.178571428571428,0.7,0.1269339179392298,weakened
Station-return tendency,high,High load,NURSTA only,Visible staff encounters,0.42,0.7,20,456.45,339.8,-36.442102354321776,716.0421023543217,0.7444407930770074,0.65,0.3799866060045447,weakened
Station-return tendency,low,High load,NURSTA only,Visible staff encounters,0.42,0.2,20,456.45,243.85,-103.19942663030152,590.8994266303015,0.5342315697228612,0.65,0.2956267542963203,weakened
Station-return tendency,high,Normal load,Both,Actionable visibility opportunities,0.42,0.7,20,688.02,754.6,642.7929469355919,866.4070530644082,1.0967704427196885,1.0,2.8396179097471532,stable
Station-return tendency,low,Normal load,Both,Actionable visibility opportunities,0.42,0.2,20,688.02,659.1,529.8262359209809,788.3737640790191,0.9579663381878434,0.95,2.145128059870756,stable
Station-return tendency,high,Normal load,Both,Approach attempts,0.42,0.7,20,111.56,116.9,110.74137000880708,123.05862999119292,1.0478666188598065,1.0,7.986246395853453,stable
Station-return tendency,low,Normal load,Both,Approach attempts,0.42,0.2,20,111.56,110.05,103.83975550951664,116.26024449048336,0.9864646826819649,1.0,7.455789795327062,stable
Station-return tendency,high,Normal load,Both,Bedside / patient-room interaction share,0.42,0.7,20,-0.0864501389607065,-0.077650466737335,-0.0916995427511419,-0.0636013907235281,0.8982110112353773,0.95,-2.325458613788718,stable
Station-return tendency,low,Normal load,Both,Bedside / patient-room interaction share,0.42,0.2,20,-0.0864501389607065,-0.0756102984822284,-0.0923971096135,-0.0588234873509568,0.8746116477221052,0.95,-1.8950691199527296,stable
Station-return tendency,high,Normal load,Both,Corridor interaction share,0.42,0.7,20,0.1031667095061176,0.0937200645520144,0.0788628852323995,0.1085772438716293,0.9084332048649568,1.0,2.6540464564521367,stable
Station-return tendency,low,Normal load,Both,Corridor interaction share,0.42,0.2,20,0.1031667095061176,0.0947213087453622,0.0791903306054216,0.1102522868853029,0.9181383141792022,1.0,2.5660268012586656,stable
Station-return tendency,high,Normal load,Both,F2F interactions per hour,0.42,0.7,20,8.956999999999999,9.415,8.366110812134544,10.463889187865457,1.0511331919169364,1.0,3.776617682938314,stable
Station-return tendency,low,Normal load,Both,F2F interactions per hour,0.42,0.2,20,8.956999999999999,7.82,6.576429974460203,9.063570025539798,0.8730601763983478,0.95,2.645750057079713,stable
Station-return tendency,high,Normal load,Both,Mean ED pressure index,0.42,0.7,20,-0.0055647127237654,-0.0399739790123456,-0.1108772885716441,0.0309293305469528,7.183475768951646,0.5,-0.2372046396389503,stable
Station-return tendency,low,Normal load,Both,Mean ED pressure index,0.42,0.2,20,-0.0055647127237654,-0.0043623569058641,-0.0814305004425107,0.0727057866307823,0.7839320954042669,0.55,-0.023815439658316,stable
Station-return tendency,high,Normal load,Both,Patient-facing interaction share,0.42,0.7,20,-0.1280413976235112,-0.1320750442052838,-0.1507072460008053,-0.1134428424097624,1.0315026753584269,1.0,-2.982420611655353,stable
Station-return tendency,low,Normal load,Both,Patient-facing interaction share,0.42,0.2,20,-0.1280413976235112,-0.1208717287200956,-0.1474359777221672,-0.0943074797180241,0.9440050715121296,0.95,-1.9144300278109632,stable
Station-return tendency,high,Normal load,Both,Selected coordination opportunities,0.42,0.7,20,105.86,116.25,108.61000172223773,123.88999827776227,1.098148498016248,1.0,6.401946012868107,stable
Station-return tendency,low,Normal load,Both,Selected coordination opportunities,0.42,0.2,20,105.86,100.65,92.31708781555427,108.98291218444574,0.950784054411487,1.0,5.08193704496274,stable
Station-return tendency,high,Normal load,Both,Staff–staff interaction share,0.42,0.7,20,0.109971145171956,0.1179808871771965,0.0989351101183214,0.1370266642360716,1.0728349422270371,1.0,2.606305183635145,stable
Station-return tendency,low,Normal load,Both,Staff–staff interaction share,0.42,0.2,20,0.109971145171956,0.1009560641927223,0.0779891147453908,0.1239230136400538,0.9180232144974282,0.95,1.8494449262761008,stable
Station-return tendency,high,Normal load,Both,Successful approaches,0.42,0.7,20,93.05,93.5,88.97990638196625,98.02009361803375,1.0048361096184848,1.0,8.703150379116979,stable
Station-return tendency,low,Normal load,Both,Successful approaches,0.42,0.2,20,93.05,90.35,84.83136838089654,95.86863161910344,0.970983342289092,1.0,6.888252500730298,stable
Station-return tendency,high,Normal load,Both,Visible staff encounters,0.42,0.7,20,20232.54,20093.85,19223.931564988507,20963.76843501149,0.9931452007508697,1.0,9.718448288538328,stable
Station-return tendency,low,Normal load,Both,Visible staff encounters,0.42,0.2,20,20232.54,19602.9,18760.693271944285,20445.10672805572,0.9688798341681272,1.0,9.792958735328352,stable
Station-return tendency,high,Normal load,COCPIT only,Actionable visibility opportunities,0.42,0.7,20,692.73,691.6,575.8648017184782,807.3351982815218,0.9983687728263536,1.0,2.514211630926813,stable
Station-return tendency,low,Normal load,COCPIT only,Actionable visibility opportunities,0.42,0.2,20,692.73,786.45,668.4286263612437,904.4713736387564,1.1352908059417088,1.0,2.8036432974304155,stable
Station-return tendency,high,Normal load,COCPIT only,Approach attempts,0.42,0.7,20,116.26,113.6,104.99830156306324,122.20169843693674,0.977120247720626,1.0,5.556565334607072,stable
Station-return tendency,low,Normal load,COCPIT only,Approach attempts,0.42,0.2,20,116.26,113.85,108.1440324682238,119.5559675317762,0.979270600378462,1.0,8.394910017333567,stable
Station-return tendency,high,Normal load,COCPIT only,Bedside / patient-room interaction share,0.42,0.7,20,-0.0847789786808627,-0.066641060617372,-0.0785658296330273,-0.0547162916017168,0.7860564217013275,1.0,-2.3512793598668096,stable
Station-return tendency,low,Normal load,COCPIT only,Bedside / patient-room interaction share,0.42,0.2,20,-0.0847789786808627,-0.0865710146827773,-0.1017100211763469,-0.0714320081892078,1.0211377399185295,0.95,-2.405954661627756,stable
Station-return tendency,high,Normal load,COCPIT only,Corridor interaction share,0.42,0.7,20,0.1071947921792265,0.097107009234884,0.0764416036568274,0.1177724148129405,0.905892975402424,1.0,1.9770559144733737,stable
Station-return tendency,low,Normal load,COCPIT only,Corridor interaction share,0.42,0.2,20,0.1071947921792265,0.0972269275325439,0.0774432050821859,0.117010649982902,0.9070116705854836,1.0,2.0677158546116243,stable
Station-return tendency,high,Normal load,COCPIT only,F2F interactions per hour,0.42,0.7,20,9.251,8.709999999999997,7.987341580289172,9.432658419710824,0.9415198356934384,1.0,5.0710441837738705,stable
Station-return tendency,low,Normal load,COCPIT only,F2F interactions per hour,0.42,0.2,20,9.251,8.185,7.2458482091185745,9.124151790881427,0.8847692141390121,1.0,3.6668673482572904,stable
Station-return tendency,high,Normal load,COCPIT only,Mean ED pressure index,0.42,0.7,20,0.0006600118479938,-0.0151103685763888,-0.0682285091854741,0.0380077720326963,-22.894086859681355,0.45,-0.1196863162313851,stable
Station-return tendency,low,Normal load,COCPIT only,Mean ED pressure index,0.42,0.2,20,0.0006600118479938,-0.0259338551697531,-0.0921500887193737,0.0402823783798675,-39.2930145853938,0.3,-0.1647839517875605,stable
Station-return tendency,high,Normal load,COCPIT only,Patient-facing interaction share,0.42,0.7,20,-0.1267767794407479,-0.1118460596223878,-0.1284373621034115,-0.095254757141364,0.8822282764696803,1.0,-2.8363022779466687,stable
Station-return tendency,low,Normal load,COCPIT only,Patient-facing interaction share,0.42,0.2,20,-0.1267767794407479,-0.1286119355326924,-0.1509178942933246,-0.1063059767720601,1.0144754907013729,1.0,-2.425898834142486,stable
Station-return tendency,high,Normal load,COCPIT only,Selected coordination opportunities,0.42,0.7,20,108.99,111.55,99.60874291198346,123.49125708801654,1.02348839343059,1.0,3.93035548758939,stable
Station-return tendency,low,Normal load,COCPIT only,Selected coordination opportunities,0.42,0.2,20,108.99,107.3,98.96851344533724,115.63148655466276,0.9844939902743371,1.0,5.4186304194524215,stable
Station-return tendency,high,Normal load,COCPIT only,Staff–staff interaction share,0.42,0.7,20,0.1109786774992191,0.0972117584755529,0.0804717542413415,0.1139517627097642,0.8759498731297904,1.0,2.4432929522920728,stable
Station-return tendency,low,Normal load,COCPIT only,Staff–staff interaction share,0.42,0.2,20,0.1109786774992191,0.109939226009806,0.0905907917827953,0.1292876602368167,0.990633772965799,0.95,2.3906673825820417,stable
Station-return tendency,high,Normal load,COCPIT only,Successful approaches,0.42,0.7,20,94.53,86.55,81.03466675149132,92.06533324850868,0.9155823548079974,1.0,6.602487994408849,stable
Station-return tendency,low,Normal load,COCPIT only,Successful approaches,0.42,0.2,20,94.53,94.8,89.18813467543521,100.4118653245648,1.0028562361155189,1.0,7.107443299945588,stable
Station-return tendency,high,Normal load,COCPIT only,Visible staff encounters,0.42,0.7,20,19747.02,19330.25,18560.458437202164,20100.041562797836,0.978894536998494,1.0,10.565173433535918,stable
Station-return tendency,low,Normal load,COCPIT only,Visible staff encounters,0.42,0.2,20,19747.02,19839.5,19150.98633690123,20528.01366309877,1.0046832382810165,1.0,12.123568380590063,stable
Station-return tendency,high,Normal load,NURSTA only,Actionable visibility opportunities,0.42,0.7,20,23.56,58.85,-40.75106138834169,158.45106138834169,2.497877758913413,0.6,0.2485963840184189,weakened
Station-return tendency,low,Normal load,NURSTA only,Actionable visibility opportunities,0.42,0.2,20,23.56,110.8,-5.834397872831204,227.4343978728312,4.702886247877759,0.75,0.3996919627642359,weakened
Station-return tendency,high,Normal load,NURSTA only,Approach attempts,0.42,0.7,20,-1.25,-1.05,-5.118009703450622,3.0180097034506224,0.8400000000000001,0.65,-0.1085974494613298,weakened
Station-return tendency,low,Normal load,NURSTA only,Approach attempts,0.42,0.2,20,-1.25,2.2,-2.1166864485084895,6.51668644850849,-1.7600000000000002,0.45,0.2144294755857972,flipped
Station-return tendency,high,Normal load,NURSTA only,Bedside / patient-room interaction share,0.42,0.7,20,-0.0012191482681021,0.0074121204875805,-0.0066908824303154,0.0215151234054764,-6.079753120692425,0.4,0.2211277165094767,flipped
Station-return tendency,low,Normal load,NURSTA only,Bedside / patient-room interaction share,0.42,0.2,20,-0.0012191482681021,-0.0109271129475784,-0.0239718052271172,0.0021175793319604,8.962907329220185,0.7,-0.3524389510915879,weakened
Station-return tendency,high,Normal load,NURSTA only,Corridor interaction share,0.42,0.7,20,0.0012716261658183,-0.0161664708046456,-0.0336240980718504,0.0012911564625591,-12.713225977260713,0.5,-0.3896209600139084,flipped
Station-return tendency,low,Normal load,NURSTA only,Corridor interaction share,0.42,0.2,20,0.0012716261658183,-0.0010410280361048,-0.0189814036554804,0.0168993475832707,-0.8186588669595056,0.55,-0.0244142395000887,flipped
Station-return tendency,high,Normal load,NURSTA only,F2F interactions per hour,0.42,0.7,20,0.0699999999999999,0.5349999999999995,-0.3836917139406226,1.4536917139406216,7.642857142857147,0.65,0.2450170401889041,weakened
Station-return tendency,low,Normal load,NURSTA only,F2F interactions per hour,0.42,0.2,20,0.0699999999999999,-0.5650000000000004,-1.3157047790331156,0.1857047790331146,-8.071428571428589,0.35,-0.3166588088347678,flipped
Station-return tendency,high,Normal load,NURSTA only,Mean ED pressure index,0.42,0.7,20,-0.005380967816358,-0.0212089138888888,-0.0852259312203722,0.0428081034425944,3.9414682660643976,0.65,-0.1393911816320452,stable
Station-return tendency,low,Normal load,NURSTA only,Mean ED pressure index,0.42,0.2,20,-0.005380967816358,-0.0582076805362654,-0.1235802549704223,0.0071648938978914,10.817325530049748,0.65,-0.3746252210088677,weakened
Station-return tendency,high,Normal load,NURSTA only,Patient-facing interaction share,0.42,0.7,20,-0.000823876141203,-0.010317750119042,-0.0264745203338334,0.0058390200957494,12.52342385346458,0.65,-0.2686845931028226,weakened
Station-return tendency,low,Normal load,NURSTA only,Patient-facing interaction share,0.42,0.2,20,-0.000823876141203,-0.0163273518418766,-0.0348486655606147,0.0021939618768614,19.817726264091046,0.5,-0.3708995190170786,weakened
Station-return tendency,high,Normal load,NURSTA only,Selected coordination opportunities,0.42,0.7,20,-1.51,8.5,0.9096185519885908,16.09038144801141,-5.629139072847682,0.35,0.4711591512217091,flipped
Station-return tendency,low,Normal load,NURSTA only,Selected coordination opportunities,0.42,0.2,20,-1.51,3.65,-0.7974364230241782,8.097436423024178,-2.4172185430463577,0.25,0.3452990810411561,flipped
Station-return tendency,high,Normal load,NURSTA only,Staff–staff interaction share,0.42,0.7,20,-0.0008247857176621,0.0116631343672099,-0.003310789131884,0.0266370578663039,-14.140805444921789,0.4,0.3277117216440009,flipped
Station-return tendency,low,Normal load,NURSTA only,Staff–staff interaction share,0.42,0.2,20,-0.0008247857176621,0.0166107863348083,3.312307569221587e-05,0.0331884495939244,-20.139517427499236,0.4,0.4215792092266358,flipped
Station-return tendency,high,Normal load,NURSTA only,Successful approaches,0.42,0.7,20,-0.07,0.05,-4.069866604892112,4.169866604892111,-0.7142857142857143,0.55,0.0051062156981825,flipped
Station-return tendency,low,Normal load,NURSTA only,Successful approaches,0.42,0.2,20,-0.07,2.5,-1.800026438107218,6.800026438107218,-35.71428571428571,0.4,0.2446139324387274,flipped
Station-return tendency,high,Normal load,NURSTA only,Visible staff encounters,0.42,0.7,20,548.38,812.75,250.25990804796356,1375.2400919520364,1.482092709435063,0.7,0.6079311652426188,stable
Station-return tendency,low,Normal load,NURSTA only,Visible staff encounters,0.42,0.2,20,548.38,610.2,48.124426653834234,1172.275573346166,1.11273204712061,0.75,0.4567618231050467,stable
Visibility response,high,High load,Both,Actionable visibility opportunities,0.14,0.21,20,537.95,433.1,381.5726357093938,484.62736429060624,0.8050934101682312,1.0,3.5364096105757716,stable
Visibility response,low,High load,Both,Actionable visibility opportunities,0.14,0.07,20,537.95,670.6,599.5374051816584,741.6625948183416,1.24658425504229,1.0,3.970404863271693,stable
Visibility response,high,High load,Both,Approach attempts,0.14,0.21,20,95.52,102.4,96.82464264067222,107.9753573593278,1.0720268006700169,1.0,7.727509612295387,stable
Visibility response,low,High load,Both,Approach attempts,0.14,0.07,20,95.52,71.9,66.42251006390701,77.377489936093,0.7527219430485763,1.0,5.522803719298289,stable
Visibility response,high,High load,Both,Bedside / patient-room interaction share,0.14,0.21,20,-0.0876218172789389,-0.0916965090110812,-0.1053724941466929,-0.0780205238754694,1.0465031639228703,1.0,-2.8210220995481787,stable
Visibility response,low,High load,Both,Bedside / patient-room interaction share,0.14,0.07,20,-0.0876218172789389,-0.0737227044036702,-0.0899041973123482,-0.0575412114949922,0.8413738346578494,1.0,-1.9168802270336656,stable
Visibility response,high,High load,Both,Corridor interaction share,0.14,0.21,20,0.0748025163647015,0.0786701923530936,0.0644117128851595,0.0929286718210277,1.0517051588149149,1.0,2.3213963862099507,stable
Visibility response,low,High load,Both,Corridor interaction share,0.14,0.07,20,0.0748025163647015,0.069822686020492,0.0482577350860892,0.0913876369548949,0.9334269676179052,0.95,1.3622611898287258,stable
Visibility response,high,High load,Both,F2F interactions per hour,0.14,0.21,20,7.669,8.61,7.894935695199376,9.325064304800623,1.1227017864128308,1.0,5.066060348341977,stable
Visibility response,low,High load,Both,F2F interactions per hour,0.14,0.07,20,7.669,5.779999999999999,4.965441851773548,6.594558148226451,0.7536836614943278,0.95,2.985506716777562,stable
Visibility response,high,High load,Both,Mean ED pressure index,0.14,0.21,20,-0.0122874969367284,-0.0142897887152777,-0.043785199687074,0.0152056222565185,1.162953593303805,0.55,-0.2038373019741158,stable
Visibility response,low,High load,Both,Mean ED pressure index,0.14,0.07,20,-0.0122874969367284,-0.0056574262345679,-0.0397997594285225,0.0284849069593866,0.46042137497161,0.6,-0.06971689078186,stable
Visibility response,high,High load,Both,Patient-facing interaction share,0.14,0.21,20,-0.1471421374672993,-0.1516588906071616,-0.171628058848969,-0.1316897223653541,1.03069653069887,1.0,-3.195363024339799,stable
Visibility response,low,High load,Both,Patient-facing interaction share,0.14,0.07,20,-0.1471421374672993,-0.1197672881974717,-0.1381575936278496,-0.1013769827670938,0.8139564251204976,1.0,-2.740069513354116,stable
Visibility response,high,High load,Both,Selected coordination opportunities,0.14,0.21,20,93.75,99.65,93.26035095272296,106.03964904727704,1.0629333333333333,1.0,6.561643098344641,stable
Visibility response,low,High load,Both,Selected coordination opportunities,0.14,0.07,20,93.75,72.35,66.89215521618556,77.80784478381443,0.7717333333333333,1.0,5.5773726342561165,stable
Visibility response,high,High load,Both,Staff–staff interaction share,0.14,0.21,20,0.1273473175513008,0.1391518710628073,0.1231283634170448,0.1551753787085698,1.092695737440651,1.0,3.6537915321042576,stable
Visibility response,low,High load,Both,Staff–staff interaction share,0.14,0.07,20,0.1273473175513008,0.1088838897197611,0.0942195434897165,0.1235482359498057,0.8550151806369864,1.0,3.12401584296821,stable
Visibility response,high,High load,Both,Successful approaches,0.14,0.21,20,77.53,84.9,80.40142862443503,89.39857137556498,1.0950599767831808,1.0,7.940454861714797,stable
Visibility response,low,High load,Both,Successful approaches,0.14,0.07,20,77.53,59.65,54.56218977927583,64.73781022072416,0.7693795949954856,1.0,4.932781188226643,stable
Visibility response,high,High load,Both,Visible staff encounters,0.14,0.21,20,16899.26,17334.3,16686.663257054177,17981.93674294582,1.0257431390486922,1.0,11.261263876560674,stable
Visibility response,low,High load,Both,Visible staff encounters,0.14,0.07,20,16899.26,16950.95,16232.478510698764,17669.421489301236,1.0030587138135043,1.0,9.926515166266666,stable
Visibility response,high,High load,COCPIT only,Actionable visibility opportunities,0.14,0.21,20,523.11,484.4,424.230469791815,544.5695302081849,0.9260002676301352,1.0,3.387192042682309,stable
Visibility response,low,High load,COCPIT only,Actionable visibility opportunities,0.14,0.07,20,523.11,701.45,603.0215444449759,799.8784555550242,1.3409225593087497,1.0,2.998391620458837,stable
Visibility response,high,High load,COCPIT only,Approach attempts,0.14,0.21,20,93.1,110.9,100.22706565283252,121.57293434716748,1.1911922663802363,1.0,4.371797272327883,stable
Visibility response,low,High load,COCPIT only,Approach attempts,0.14,0.07,20,93.1,74.45,68.6540293669699,80.24597063303011,0.7996777658431795,1.0,5.40444165074134,stable
Visibility response,high,High load,COCPIT only,Bedside / patient-room interaction share,0.14,0.21,20,-0.0834972074189264,-0.0917805797085054,-0.10819407673945,-0.0753670826775607,1.0992053811814235,1.0,-2.3526752410675567,stable
Visibility response,low,High load,COCPIT only,Bedside / patient-room interaction share,0.14,0.07,20,-0.0834972074189264,-0.0762540239775035,-0.0947157779260344,-0.0577922700289726,0.913252386932152,0.95,-1.7378092904223013,stable
Visibility response,high,High load,COCPIT only,Corridor interaction share,0.14,0.21,20,0.0756907846145798,0.0865415087559064,0.0606898579845721,0.1123931595272407,1.1433559474456358,0.9,1.408472878067975,stable
Visibility response,low,High load,COCPIT only,Corridor interaction share,0.14,0.07,20,0.0756907846145798,0.0759688451260161,0.0606371603299087,0.0913005299221235,1.0036736375881454,1.0,2.0847690399109364,stable
Visibility response,high,High load,COCPIT only,F2F interactions per hour,0.14,0.21,20,6.949999999999999,9.114999999999998,8.074432734666225,10.155567265333772,1.3115107913669064,1.0,3.685520404979721,stable
Visibility response,low,High load,COCPIT only,F2F interactions per hour,0.14,0.07,20,6.949999999999999,5.6850000000000005,4.7412308366532585,6.6287691633467425,0.8179856115107915,1.0,2.534410694181339,stable
Visibility response,high,High load,COCPIT only,Mean ED pressure index,0.14,0.21,20,0.0036871997955246,-0.0092531887345679,-0.04232455582903,0.0238181783598942,-2.509543623266393,0.4,-0.117720359304144,stable
Visibility response,low,High load,COCPIT only,Mean ED pressure index,0.14,0.07,20,0.0036871997955246,0.0089692378086419,-0.0405277398645381,0.058466215481822,2.4325337128539943,0.5,0.0762411018492413,stable
Visibility response,high,High load,COCPIT only,Patient-facing interaction share,0.14,0.21,20,-0.1388716288287287,-0.1528170401452005,-0.1737786635064913,-0.1318554167839098,1.1004194408468473,1.0,-3.0673206400365016,stable
Visibility response,low,High load,COCPIT only,Patient-facing interaction share,0.14,0.07,20,-0.1388716288287287,-0.1197847036231305,-0.1426014200854594,-0.0969679871608016,0.8625570581508901,1.0,-2.208821005213808,stable
Visibility response,high,High load,COCPIT only,Selected coordination opportunities,0.14,0.21,20,89.85,110.7,97.77283395733092,123.62716604266907,1.232053422370618,1.0,3.6029364365567886,stable
Visibility response,low,High load,COCPIT only,Selected coordination opportunities,0.14,0.07,20,89.85,71.7,64.94454397503299,78.45545602496702,0.7979966611018364,1.0,4.465568863131092,stable
Visibility response,high,High load,COCPIT only,Staff–staff interaction share,0.14,0.21,20,0.1209721971176227,0.146467039353227,0.1276673365235935,0.1652667421828605,1.2107496006773804,1.0,3.277941700110462,stable
Visibility response,low,High load,COCPIT only,Staff–staff interaction share,0.14,0.07,20,0.1209721971176227,0.1045242176864753,0.0804117594668835,0.1286366759060671,0.8640350442246261,0.95,1.823844232568534,stable
Visibility response,high,High load,COCPIT only,Successful approaches,0.14,0.21,20,74.72,88.3,82.88711937767154,93.71288062232846,1.181745182012848,1.0,6.8634829796213515,stable
Visibility response,low,High load,COCPIT only,Successful approaches,0.14,0.07,20,74.72,59.75,54.06071117199865,65.43928882800135,0.799652034261242,1.0,4.4186767733413514,stable
Visibility response,high,High load,COCPIT only,Visible staff encounters,0.14,0.21,20,16398.47,16309.25,15667.629037789116,16950.870962210884,0.9945592485152578,1.0,10.694678963549531,stable
Visibility response,low,High load,COCPIT only,Visible staff encounters,0.14,0.07,20,16398.47,16064.15,15343.38359977094,16784.91640022906,0.9796127321634274,1.0,9.377250640731551,stable
Visibility response,high,High load,NURSTA only,Actionable visibility opportunities,0.14,0.21,20,1.13,2.6,-48.630942081190696,53.8309420811907,2.300884955752213,0.5,0.0213527252719049,weakened
Visibility response,low,High load,NURSTA only,Actionable visibility opportunities,0.14,0.07,20,1.13,-0.1,-45.0760270085485,44.8760270085485,-0.0884955752212389,0.5,-0.0009354729144181,flipped
Visibility response,high,High load,NURSTA only,Approach attempts,0.14,0.21,20,-0.17,-0.85,-5.349414020327067,3.649414020327067,4.999999999999999,0.4,-0.0794831874625776,weakened
Visibility response,low,High load,NURSTA only,Approach attempts,0.14,0.07,20,-0.17,-3.7,-6.295174631584752,-1.104825368415248,21.764705882352946,0.75,-0.5998566024980406,stable
Visibility response,high,High load,NURSTA only,Bedside / patient-room interaction share,0.14,0.21,20,-0.0052446573765479,-0.0005627415614104,-0.0210934867975506,0.0199680036747296,0.1072980599127138,0.4,-0.0115323173227799,weakened
Visibility response,low,High load,NURSTA only,Bedside / patient-room interaction share,0.14,0.07,20,-0.0052446573765479,0.0032414898934622,-0.0134079850307138,0.0198909648176382,-0.6180556060643574,0.35,0.0819136799161015,flipped
Visibility response,high,High load,NURSTA only,Corridor interaction share,0.14,0.21,20,0.0011750903901055,-0.0004243501347138,-0.0192605652884871,0.0184118650190594,-0.3611212705737127,0.5,-0.0094785740759778,flipped
Visibility response,low,High load,NURSTA only,Corridor interaction share,0.14,0.07,20,0.0011750903901055,0.0011344774667462,-0.0226114234870935,0.024880378420586,0.9654384686478288,0.6,0.0201010863318109,weakened
Visibility response,high,High load,NURSTA only,F2F interactions per hour,0.14,0.21,20,0.2329999999999998,0.7399999999999997,-0.2266428677046199,1.7066428677046193,3.175965665236053,0.65,0.322090544378222,weakened
Visibility response,low,High load,NURSTA only,F2F interactions per hour,0.14,0.07,20,0.2329999999999998,0.4750000000000002,-0.1972114250739864,1.1472114250739869,2.038626609442063,0.6,0.2973035031872967,weakened
Visibility response,high,High load,NURSTA only,Mean ED pressure index,0.14,0.21,20,-0.0064573644791666,-0.0190401049961419,-0.0520096506077118,0.0139294406154278,2.94858762542692,0.55,-0.2429789683671001,stable
Visibility response,low,High load,NURSTA only,Mean ED pressure index,0.14,0.07,20,-0.0064573644791666,0.0233838402006172,-0.0229358218020735,0.0697035022033081,-3.6212668924079745,0.35,0.2124040333882891,stable
Visibility response,high,High load,NURSTA only,Patient-facing interaction share,0.14,0.21,20,-0.0077526969822016,0.0046104078461931,-0.0240420724241399,0.0332628881165263,-0.5946843861920065,0.6,0.0677001186910989,flipped
Visibility response,low,High load,NURSTA only,Patient-facing interaction share,0.14,0.07,20,-0.0077526969822016,0.0041287630842314,-0.0179869404492044,0.0262444666176673,-0.5325582947083,0.45,0.0785473450299893,flipped
Visibility response,high,High load,NURSTA only,Selected coordination opportunities,0.14,0.21,20,1.69,6.9,-0.6374544914398186,14.43745449143982,4.0828402366863905,0.75,0.3851560235298126,weakened
Visibility response,low,High load,NURSTA only,Selected coordination opportunities,0.14,0.07,20,1.69,-1.0,-5.796786643708803,3.7967866437088023,-0.591715976331361,0.45,-0.0877125838394704,flipped
Visibility response,high,High load,NURSTA only,Staff–staff interaction share,0.14,0.21,20,0.0065300670040977,0.0075499733581726,-0.0177042949889348,0.0328042417052801,1.1561862004532206,0.65,0.1257832856005125,weakened
Visibility response,low,High load,NURSTA only,Staff–staff interaction share,0.14,0.07,20,0.0065300670040977,0.0043574315859385,-0.0167970159996054,0.0255118791714826,0.6672874234221855,0.55,0.0866644918329744,weakened
Visibility response,high,High load,NURSTA only,Successful approaches,0.14,0.21,20,0.28,0.0,-4.294144850840502,4.294144850840502,0.0,0.55,0.0,weakened
Visibility response,low,High load,NURSTA only,Successful approaches,0.14,0.07,20,0.28,-2.05,-4.812634097721727,0.7126340977217267,-7.32142857142857,0.4,-0.3122071176694488,flipped
Visibility response,high,High load,NURSTA only,Visible staff encounters,0.14,0.21,20,456.45,600.1,221.41760693133557,978.7823930686644,1.314711359404097,0.85,0.6667466163315892,stable
Visibility response,low,High load,NURSTA only,Visible staff encounters,0.14,0.07,20,456.45,611.15,228.3043200408702,993.9956799591298,1.3389199255121045,0.8,0.6716397198343029,stable
Visibility response,high,Normal load,Both,Actionable visibility opportunities,0.14,0.21,20,688.02,479.35,397.6294823792059,561.0705176207941,0.6967093979826169,1.0,2.4679362065251316,stable
Visibility response,low,Normal load,Both,Actionable visibility opportunities,0.14,0.07,20,688.02,773.15,609.4706806549368,936.8293193450633,1.1237318682596436,1.0,1.9873861385411793,stable
Visibility response,high,Normal load,Both,Approach attempts,0.14,0.21,20,111.56,122.1,115.56389918263672,128.63610081736326,1.0944783076371458,1.0,7.859758970891247,stable
Visibility response,low,Normal load,Both,Approach attempts,0.14,0.07,20,111.56,86.6,81.52586878579717,91.67413121420282,0.7762638938687701,1.0,7.180728473080915,stable
Visibility response,high,Normal load,Both,Bedside / patient-room interaction share,0.14,0.21,20,-0.0864501389607065,-0.0775528689904352,-0.090902037808201,-0.0642037001726695,0.8970820628256571,0.95,-2.4443081170775174,stable
Visibility response,low,Normal load,Both,Bedside / patient-room interaction share,0.14,0.07,20,-0.0864501389607065,-0.0662749252215368,-0.0831701321068733,-0.0493797183362003,0.7666260114591633,1.0,-1.6504335324894146,stable
Visibility response,high,Normal load,Both,Corridor interaction share,0.14,0.21,20,0.1031667095061176,0.1021088070343742,0.08917379850438,0.1150438155643683,0.9897456992007616,1.0,3.3213052299309846,stable
Visibility response,low,Normal load,Both,Corridor interaction share,0.14,0.07,20,0.1031667095061176,0.0864928389920454,0.0649676390113673,0.1080180389727234,0.838379351305341,0.95,1.6906171255769156,stable
Visibility response,high,Normal load,Both,F2F interactions per hour,0.14,0.21,20,8.956999999999999,9.685,8.78532224365434,10.584677756345656,1.0812772133526851,1.0,4.5292359784033955,stable
Visibility response,low,Normal load,Both,F2F interactions per hour,0.14,0.07,20,8.956999999999999,6.709999999999999,5.799640492066891,7.620359507933107,0.7491347549402702,1.0,3.1011437242489044,stable
Visibility response,high,Normal load,Both,Mean ED pressure index,0.14,0.21,20,-0.0055647127237654,0.0130309966242283,-0.0406782922625457,0.0667402855110025,-2.341719558779105,0.5,0.1020799706492773,stable
Visibility response,low,Normal load,Both,Mean ED pressure index,0.14,0.07,20,-0.0055647127237654,0.0660498412615741,-0.0180236334587124,0.1501233159818606,-11.869407198594976,0.4,0.3305408105859021,weakened
Visibility response,high,Normal load,Both,Patient-facing interaction share,0.14,0.21,20,-0.1280413976235112,-0.1119783673888551,-0.1295986614984824,-0.0943580732792278,0.8745481497953709,0.95,-2.6738268785871613,stable
Visibility response,low,Normal load,Both,Patient-facing interaction share,0.14,0.07,20,-0.1280413976235112,-0.1030558627508591,-0.1182446309067065,-0.0878670945950117,0.804863619607475,1.0,-2.8547130277127866,stable
Visibility response,high,Normal load,Both,Selected coordination opportunities,0.14,0.21,20,105.86,109.45,103.14925419619148,115.75074580380851,1.0339127149064802,1.0,7.308632311497023,stable
Visibility response,low,Normal load,Both,Selected coordination opportunities,0.14,0.07,20,105.86,81.85,75.08381517747027,88.61618482252972,0.7731910069903646,1.0,5.089640805515156,stable
Visibility response,high,Normal load,Both,Staff–staff interaction share,0.14,0.21,20,0.109971145171956,0.0933310760183317,0.0769139030532832,0.1097482489833803,0.8486869521308972,0.95,2.3918845064139864,stable
Visibility response,low,Normal load,Both,Staff–staff interaction share,0.14,0.07,20,0.109971145171956,0.0830448828002986,0.0651015209592134,0.1009882446413839,0.755151568808762,1.0,1.947248455302912,stable
Visibility response,high,Normal load,Both,Successful approaches,0.14,0.21,20,93.05,104.5,97.98155556173585,111.01844443826415,1.123052122514777,1.0,6.745041544643899,stable
Visibility response,low,Normal load,Both,Successful approaches,0.14,0.07,20,93.05,74.65,69.48332111150286,79.81667888849715,0.802256851155293,1.0,6.0789790663546786,stable
Visibility response,high,Normal load,Both,Visible staff encounters,0.14,0.21,20,20232.54,18969.85,18366.785136551192,19572.914863448805,0.937591127955264,1.0,13.23464137727268,stable
Visibility response,low,Normal load,Both,Visible staff encounters,0.14,0.07,20,20232.54,19951.1,18997.19507959667,20905.004920403328,0.9860897346551644,1.0,8.799825557301206,stable
Visibility response,high,Normal load,COCPIT only,Actionable visibility opportunities,0.14,0.21,20,692.73,530.25,420.0136635367353,640.4863364632647,0.7654497423238491,1.0,2.0238028914774175,stable
Visibility response,low,Normal load,COCPIT only,Actionable visibility opportunities,0.14,0.07,20,692.73,788.2,626.7125136189054,949.6874863810948,1.137817042715055,1.0,2.053571660883099,stable
Visibility response,high,Normal load,COCPIT only,Approach attempts,0.14,0.21,20,116.26,123.8,114.18684646736018,133.4131535326398,1.0648546361603302,1.0,5.418350221201138,stable
Visibility response,low,Normal load,COCPIT only,Approach attempts,0.14,0.07,20,116.26,91.2,83.85725902318272,98.54274097681729,0.7844486495785309,1.0,5.225753698802022,stable
Visibility response,high,Normal load,COCPIT only,Bedside / patient-room interaction share,0.14,0.21,20,-0.0847789786808627,-0.0646392291904542,-0.0834308868214324,-0.0458475715594761,0.7624440656896634,0.9,-1.447249419851952,stable
Visibility response,low,Normal load,COCPIT only,Bedside / patient-room interaction share,0.14,0.07,20,-0.0847789786808627,-0.0571630037672598,-0.0733485014460832,-0.0409775060884364,0.6742591696278994,0.9,-1.485940057752844,stable
Visibility response,high,Normal load,COCPIT only,Corridor interaction share,0.14,0.21,20,0.1071947921792265,0.0968723907162955,0.0820026639520636,0.1117421174805274,0.9037042634900376,1.0,2.7410018969321377,stable
Visibility response,low,Normal load,COCPIT only,Corridor interaction share,0.14,0.07,20,0.1071947921792265,0.0867213813669425,0.0685335253712316,0.1049092373626535,0.8090074116842076,1.0,2.0061203648732446,stable
Visibility response,high,Normal load,COCPIT only,F2F interactions per hour,0.14,0.21,20,9.251,9.55,8.601931803474477,10.498068196525525,1.0323208301805211,1.0,4.238147818266754,stable
Visibility response,low,Normal load,COCPIT only,F2F interactions per hour,0.14,0.07,20,9.251,7.35,6.18840133753883,8.51159866246117,0.7945087017619716,1.0,2.662217551713239,stable
Visibility response,high,Normal load,COCPIT only,Mean ED pressure index,0.14,0.21,20,0.0006600118479938,0.0030487814814814,-0.0604497318002298,0.0665472947631927,4.619282957947901,0.55,0.0202011013402013,stable
Visibility response,low,Normal load,COCPIT only,Mean ED pressure index,0.14,0.07,20,0.0006600118479938,0.0571543210648148,-0.0172172735907057,0.1315259157203353,86.59590163198358,0.6,0.3233361650959563,weakened
Visibility response,high,Normal load,COCPIT only,Patient-facing interaction share,0.14,0.21,20,-0.1267767794407479,-0.1075119449326783,-0.1267493598416062,-0.0882745300237504,0.8480413006778312,1.0,-2.3513772563668924,stable
Visibility response,low,Normal load,COCPIT only,Patient-facing interaction share,0.14,0.07,20,-0.1267767794407479,-0.0905083237215851,-0.1092780640721359,-0.0717385833710343,0.7139187800861145,1.0,-2.0288155420825404,stable
Visibility response,high,Normal load,COCPIT only,Selected coordination opportunities,0.14,0.21,20,108.99,114.3,105.21953254159467,123.3804674584053,1.0487200660611065,1.0,5.296028707681145,stable
Visibility response,low,Normal load,COCPIT only,Selected coordination opportunities,0.14,0.07,20,108.99,85.6,77.26451016815196,93.93548983184805,0.7853931553353518,1.0,4.320708280120786,stable
Visibility response,high,Normal load,COCPIT only,Staff–staff interaction share,0.14,0.21,20,0.1109786774992191,0.0864256969377834,0.0665056151119494,0.1063457787636174,0.7787594778140298,0.9,1.8254253564885752,stable
Visibility response,low,Normal load,COCPIT only,Staff–staff interaction share,0.14,0.07,20,0.1109786774992191,0.0712597998866382,0.0546254332430717,0.0878941665302047,0.6421035237795087,0.95,1.802397744746688,stable
Visibility response,high,Normal load,COCPIT only,Successful approaches,0.14,0.21,20,94.53,103.35,95.35894274829668,111.3410572517033,1.09330371310695,1.0,5.441498895535107,stable
Visibility response,low,Normal load,COCPIT only,Successful approaches,0.14,0.07,20,94.53,72.85,67.07709904175688,78.62290095824311,0.7706548185761133,1.0,5.309428246958084,stable
Visibility response,high,Normal load,COCPIT only,Visible staff encounters,0.14,0.21,20,19747.02,19376.5,18631.034731878983,20121.965268121017,0.9812366625445256,1.0,10.936043401656878,stable
Visibility response,low,Normal load,COCPIT only,Visible staff encounters,0.14,0.07,20,19747.02,19551.75,18576.620065230712,20526.879934769288,0.9901114193432732,1.0,8.435978287905035,stable
Visibility response,high,Normal load,NURSTA only,Actionable visibility opportunities,0.14,0.21,20,23.56,27.5,-87.80762492704368,142.80762492704366,1.16723259762309,0.65,0.1003429751509977,weakened
Visibility response,low,Normal load,NURSTA only,Actionable visibility opportunities,0.14,0.07,20,23.56,-119.1,-227.85717275897855,-10.342827241021425,-5.055178268251273,0.3,-0.4607508646168317,flipped
Visibility response,high,Normal load,NURSTA only,Approach attempts,0.14,0.21,20,-1.25,0.3,-3.7346343733126286,4.334634373312628,-0.24,0.45,0.0312845114364784,flipped
Visibility response,low,Normal load,NURSTA only,Approach attempts,0.14,0.07,20,-1.25,-2.6,-6.101538188312463,0.9015381883124628,2.08,0.6,-0.3124113383460606,weakened
Visibility response,high,Normal load,NURSTA only,Bedside / patient-room interaction share,0.14,0.21,20,-0.0012191482681021,0.003715233886886,-0.011792507726225,0.0192229754999971,-3.047401193186888,0.5,0.1007975345397245,flipped
Visibility response,low,Normal load,NURSTA only,Bedside / patient-room interaction share,0.14,0.07,20,-0.0012191482681021,0.0130302652380838,-0.0019513653267448,0.0280118958029124,-10.688007011951534,0.3,0.3659371312812594,flipped
Visibility response,high,Normal load,NURSTA only,Corridor interaction share,0.14,0.21,20,0.0012716261658183,-0.0040355201509567,-0.0209368074011267,0.0128657670992133,-3.1735114135213145,0.45,-0.1004597386155085,flipped
Visibility response,low,Normal load,NURSTA only,Corridor interaction share,0.14,0.07,20,0.0012716261658183,0.0094522407756902,-0.0078903483043183,0.0267948298556988,7.433191475426792,0.5,0.2293153615055475,weakened
Visibility response,high,Normal load,NURSTA only,F2F interactions per hour,0.14,0.21,20,0.0699999999999999,0.79,-0.1687143101159243,1.7487143101159244,11.285714285714302,0.7,0.3466970832744054,weakened
Visibility response,low,Normal load,NURSTA only,F2F interactions per hour,0.14,0.07,20,0.0699999999999999,-0.0599999999999996,-1.105522439035296,0.9855224390352968,-0.8571428571428529,0.6,-0.0241451661832092,flipped
Visibility response,high,Normal load,NURSTA only,Mean ED pressure index,0.14,0.21,20,-0.005380967816358,-0.0134662444637345,-0.0746218687064438,0.0476893797789747,2.5025692260781676,0.45,-0.0926450878145799,stable
Visibility response,low,Normal load,NURSTA only,Mean ED pressure index,0.14,0.07,20,-0.005380967816358,0.0786801208719135,0.0059413205535053,0.1514189211903217,-14.621927422187524,0.25,0.455104564213602,weakened
Visibility response,high,Normal load,NURSTA only,Patient-facing interaction share,0.14,0.21,20,-0.000823876141203,0.0053223388108481,-0.0116085949043924,0.0222532725260887,-6.46012008926077,0.5,0.1322616433911954,flipped
Visibility response,low,Normal load,NURSTA only,Patient-facing interaction share,0.14,0.07,20,-0.000823876141203,0.0237143195766052,0.0084349794692793,0.0389936596839311,-28.783840665634862,0.3,0.6530078117340699,flipped
Visibility response,high,Normal load,NURSTA only,Selected coordination opportunities,0.14,0.21,20,-1.51,-1.75,-8.038539869016537,4.538539869016537,1.1589403973509933,0.5,-0.117084804893871,weakened
Visibility response,low,Normal load,NURSTA only,Selected coordination opportunities,0.14,0.07,20,-1.51,-5.2,-8.995790022477118,-1.404209977522882,3.443708609271523,0.7,-0.5763860620333519,stable
Visibility response,high,Normal load,NURSTA only,Staff–staff interaction share,0.14,0.21,20,-0.0008247857176621,-0.0050431757723479,-0.0221498786636519,0.0120635271189559,6.114528494313789,0.5,-0.1240366702218899,weakened
Visibility response,low,Normal load,NURSTA only,Staff–staff interaction share,0.14,0.07,20,-0.0008247857176621,-0.0239614874389757,-0.0396395588622027,-0.0082834160157487,29.051772994925187,0.85,-0.6430332675656723,stable
Visibility response,high,Normal load,NURSTA only,Successful approaches,0.14,0.21,20,-0.07,1.45,-2.58557389123021,5.485573891230211,-20.71428571428571,0.5,0.1511732692500018,flipped
Visibility response,low,Normal load,NURSTA only,Successful approaches,0.14,0.07,20,-0.07,-1.0,-4.477201536626226,2.477201536626226,14.285714285714285,0.55,-0.1209991846071091,weakened
Visibility response,high,Normal load,NURSTA only,Visible staff encounters,0.14,0.21,20,548.38,596.45,55.25427436647294,1137.645725633527,1.087658193223677,0.7,0.4636945501357362,stable
Visibility response,low,Normal load,NURSTA only,Visible staff encounters,0.14,0.07,20,548.38,320.15,-305.17157147317744,945.4715714731774,0.5838104963711295,0.6,0.2154082845280671,weakened
