scenario_mode,condition,seed,duration,warmup_seconds,scenario_start_hour,batch_name,run_id,output_dir,validation_target,isolate_exogenous_arrival_stream
normal_load,baseline,1,43200,7200,10,part2_spatial_crn_h10_n100,normal_load_baseline_seed_1,outputs/batch/part2_spatial_crn_h10_n100/normal_load/baseline/seed_1,care_area,True
normal_load,baseline,2,43200,7200,10,part2_spatial_crn_h10_n100,normal_load_baseline_seed_2,outputs/batch/part2_spatial_crn_h10_n100/normal_load/baseline/seed_2,care_area,True
normal_load,baseline,3,43200,7200,10,part2_spatial_crn_h10_n100,normal_load_baseline_seed_3,outputs/batch/part2_spatial_crn_h10_n100/normal_load/baseline/seed_3,care_area,True
normal_load,baseline,4,43200,7200,10,part2_spatial_crn_h10_n100,normal_load_baseline_seed_4,outputs/batch/part2_spatial_crn_h10_n100/normal_load/baseline/seed_4,care_area,True
normal_load,baseline,5,43200,7200,10,part2_spatial_crn_h10_n100,normal_load_baseline_seed_5,outputs/batch/part2_spatial_crn_h10_n100/normal_load/baseline/seed_5,care_area,True
normal_load,baseline,6,43200,7200,10,part2_spatial_crn_h10_n100,normal_load_baseline_seed_6,outputs/batch/part2_spatial_crn_h10_n100/normal_load/baseline/seed_6,care_area,True
normal_load,baseline,7,43200,7200,10,part2_spatial_crn_h10_n100,normal_load_baseline_seed_7,outputs/batch/part2_spatial_crn_h10_n100/normal_load/baseline/seed_7,care_area,True
normal_load,baseline,8,43200,7200,10,part2_spatial_crn_h10_n100,normal_load_baseline_seed_8,outputs/batch/part2_spatial_crn_h10_n100/normal_load/baseline/seed_8,care_area,True
normal_load,baseline,9,43200,7200,10,part2_spatial_crn_h10_n100,normal_load_baseline_seed_9,outputs/batch/part2_spatial_crn_h10_n100/normal_load/baseline/seed_9,care_area,True
normal_load,baseline,10,43200,7200,10,part2_spatial_crn_h10_n100,normal_load_baseline_seed_10,outputs/batch/part2_spatial_crn_h10_n100/normal_load/baseline/seed_10,care_area,True
normal_load,baseline,11,43200,7200,10,part2_spatial_crn_h10_n100,normal_load_baseline_seed_11,outputs/batch/part2_spatial_crn_h10_n100/normal_load/baseline/seed_11,care_area,True
normal_load,baseline,12,43200,7200,10,part2_spatial_crn_h10_n100,normal_load_baseline_seed_12,outputs/batch/part2_spatial_crn_h10_n100/normal_load/baseline/seed_12,care_area,True
normal_load,baseline,13,43200,7200,10,part2_spatial_crn_h10_n100,normal_load_baseline_seed_13,outputs/batch/part2_spatial_crn_h10_n100/normal_load/baseline/seed_13,care_area,True
normal_load,baseline,14,43200,7200,10,part2_spatial_crn_h10_n100,normal_load_baseline_seed_14,outputs/batch/part2_spatial_crn_h10_n100/normal_load/baseline/seed_14,care_area,True
normal_load,baseline,15,43200,7200,10,part2_spatial_crn_h10_n100,normal_load_baseline_seed_15,outputs/batch/part2_spatial_crn_h10_n100/normal_load/baseline/seed_15,care_area,True
normal_load,baseline,16,43200,7200,10,part2_spatial_crn_h10_n100,normal_load_baseline_seed_16,outputs/batch/part2_spatial_crn_h10_n100/normal_load/baseline/seed_16,care_area,True
normal_load,baseline,17,43200,7200,10,part2_spatial_crn_h10_n100,normal_load_baseline_seed_17,outputs/batch/part2_spatial_crn_h10_n100/normal_load/baseline/seed_17,care_area,True
normal_load,baseline,18,43200,7200,10,part2_spatial_crn_h10_n100,normal_load_baseline_seed_18,outputs/batch/part2_spatial_crn_h10_n100/normal_load/baseline/seed_18,care_area,True
normal_load,baseline,19,43200,7200,10,part2_spatial_crn_h10_n100,normal_load_baseline_seed_19,outputs/batch/part2_spatial_crn_h10_n100/normal_load/baseline/seed_19,care_area,True
normal_load,baseline,20,43200,7200,10,part2_spatial_crn_h10_n100,normal_load_baseline_seed_20,outputs/batch/part2_spatial_crn_h10_n100/normal_load/baseline/seed_20,care_area,True
normal_load,baseline,21,43200,7200,10,part2_spatial_crn_h10_n100,normal_load_baseline_seed_21,outputs/batch/part2_spatial_crn_h10_n100/normal_load/baseline/seed_21,care_area,True
normal_load,baseline,22,43200,7200,10,part2_spatial_crn_h10_n100,normal_load_baseline_seed_22,outputs/batch/part2_spatial_crn_h10_n100/normal_load/baseline/seed_22,care_area,True
normal_load,baseline,23,43200,7200,10,part2_spatial_crn_h10_n100,normal_load_baseline_seed_23,outputs/batch/part2_spatial_crn_h10_n100/normal_load/baseline/seed_23,care_area,True
normal_load,baseline,24,43200,7200,10,part2_spatial_crn_h10_n100,normal_load_baseline_seed_24,outputs/batch/part2_spatial_crn_h10_n100/normal_load/baseline/seed_24,care_area,True
normal_load,baseline,25,43200,7200,10,part2_spatial_crn_h10_n100,normal_load_baseline_seed_25,outputs/batch/part2_spatial_crn_h10_n100/normal_load/baseline/seed_25,care_area,True
normal_load,baseline,26,43200,7200,10,part2_spatial_crn_h10_n100,normal_load_baseline_seed_26,outputs/batch/part2_spatial_crn_h10_n100/normal_load/baseline/seed_26,care_area,True
normal_load,baseline,27,43200,7200,10,part2_spatial_crn_h10_n100,normal_load_baseline_seed_27,outputs/batch/part2_spatial_crn_h10_n100/normal_load/baseline/seed_27,care_area,True
normal_load,baseline,28,43200,7200,10,part2_spatial_crn_h10_n100,normal_load_baseline_seed_28,outputs/batch/part2_spatial_crn_h10_n100/normal_load/baseline/seed_28,care_area,True
normal_load,baseline,29,43200,7200,10,part2_spatial_crn_h10_n100,normal_load_baseline_seed_29,outputs/batch/part2_spatial_crn_h10_n100/normal_load/baseline/seed_29,care_area,True
normal_load,baseline,30,43200,7200,10,part2_spatial_crn_h10_n100,normal_load_baseline_seed_30,outputs/batch/part2_spatial_crn_h10_n100/normal_load/baseline/seed_30,care_area,True
normal_load,baseline,31,43200,7200,10,part2_spatial_crn_h10_n100,normal_load_baseline_seed_31,outputs/batch/part2_spatial_crn_h10_n100/normal_load/baseline/seed_31,care_area,True
normal_load,baseline,32,43200,7200,10,part2_spatial_crn_h10_n100,normal_load_baseline_seed_32,outputs/batch/part2_spatial_crn_h10_n100/normal_load/baseline/seed_32,care_area,True
normal_load,baseline,33,43200,7200,10,part2_spatial_crn_h10_n100,normal_load_baseline_seed_33,outputs/batch/part2_spatial_crn_h10_n100/normal_load/baseline/seed_33,care_area,True
normal_load,baseline,34,43200,7200,10,part2_spatial_crn_h10_n100,normal_load_baseline_seed_34,outputs/batch/part2_spatial_crn_h10_n100/normal_load/baseline/seed_34,care_area,True
normal_load,baseline,35,43200,7200,10,part2_spatial_crn_h10_n100,normal_load_baseline_seed_35,outputs/batch/part2_spatial_crn_h10_n100/normal_load/baseline/seed_35,care_area,True
normal_load,baseline,36,43200,7200,10,part2_spatial_crn_h10_n100,normal_load_baseline_seed_36,outputs/batch/part2_spatial_crn_h10_n100/normal_load/baseline/seed_36,care_area,True
normal_load,baseline,37,43200,7200,10,part2_spatial_crn_h10_n100,normal_load_baseline_seed_37,outputs/batch/part2_spatial_crn_h10_n100/normal_load/baseline/seed_37,care_area,True
normal_load,baseline,38,43200,7200,10,part2_spatial_crn_h10_n100,normal_load_baseline_seed_38,outputs/batch/part2_spatial_crn_h10_n100/normal_load/baseline/seed_38,care_area,True
normal_load,baseline,39,43200,7200,10,part2_spatial_crn_h10_n100,normal_load_baseline_seed_39,outputs/batch/part2_spatial_crn_h10_n100/normal_load/baseline/seed_39,care_area,True
normal_load,baseline,40,43200,7200,10,part2_spatial_crn_h10_n100,normal_load_baseline_seed_40,outputs/batch/part2_spatial_crn_h10_n100/normal_load/baseline/seed_40,care_area,True
normal_load,baseline,41,43200,7200,10,part2_spatial_crn_h10_n100,normal_load_baseline_seed_41,outputs/batch/part2_spatial_crn_h10_n100/normal_load/baseline/seed_41,care_area,True
normal_load,baseline,42,43200,7200,10,part2_spatial_crn_h10_n100,normal_load_baseline_seed_42,outputs/batch/part2_spatial_crn_h10_n100/normal_load/baseline/seed_42,care_area,True
normal_load,baseline,43,43200,7200,10,part2_spatial_crn_h10_n100,normal_load_baseline_seed_43,outputs/batch/part2_spatial_crn_h10_n100/normal_load/baseline/seed_43,care_area,True
normal_load,baseline,44,43200,7200,10,part2_spatial_crn_h10_n100,normal_load_baseline_seed_44,outputs/batch/part2_spatial_crn_h10_n100/normal_load/baseline/seed_44,care_area,True
normal_load,baseline,45,43200,7200,10,part2_spatial_crn_h10_n100,normal_load_baseline_seed_45,outputs/batch/part2_spatial_crn_h10_n100/normal_load/baseline/seed_45,care_area,True
normal_load,baseline,46,43200,7200,10,part2_spatial_crn_h10_n100,normal_load_baseline_seed_46,outputs/batch/part2_spatial_crn_h10_n100/normal_load/baseline/seed_46,care_area,True
normal_load,baseline,47,43200,7200,10,part2_spatial_crn_h10_n100,normal_load_baseline_seed_47,outputs/batch/part2_spatial_crn_h10_n100/normal_load/baseline/seed_47,care_area,True
normal_load,baseline,48,43200,7200,10,part2_spatial_crn_h10_n100,normal_load_baseline_seed_48,outputs/batch/part2_spatial_crn_h10_n100/normal_load/baseline/seed_48,care_area,True
normal_load,baseline,49,43200,7200,10,part2_spatial_crn_h10_n100,normal_load_baseline_seed_49,outputs/batch/part2_spatial_crn_h10_n100/normal_load/baseline/seed_49,care_area,True
normal_load,baseline,50,43200,7200,10,part2_spatial_crn_h10_n100,normal_load_baseline_seed_50,outputs/batch/part2_spatial_crn_h10_n100/normal_load/baseline/seed_50,care_area,True
normal_load,baseline,51,43200,7200,10,part2_spatial_crn_h10_n100,normal_load_baseline_seed_51,outputs/batch/part2_spatial_crn_h10_n100/normal_load/baseline/seed_51,care_area,True
normal_load,baseline,52,43200,7200,10,part2_spatial_crn_h10_n100,normal_load_baseline_seed_52,outputs/batch/part2_spatial_crn_h10_n100/normal_load/baseline/seed_52,care_area,True
normal_load,baseline,53,43200,7200,10,part2_spatial_crn_h10_n100,normal_load_baseline_seed_53,outputs/batch/part2_spatial_crn_h10_n100/normal_load/baseline/seed_53,care_area,True
normal_load,baseline,54,43200,7200,10,part2_spatial_crn_h10_n100,normal_load_baseline_seed_54,outputs/batch/part2_spatial_crn_h10_n100/normal_load/baseline/seed_54,care_area,True
normal_load,baseline,55,43200,7200,10,part2_spatial_crn_h10_n100,normal_load_baseline_seed_55,outputs/batch/part2_spatial_crn_h10_n100/normal_load/baseline/seed_55,care_area,True
normal_load,baseline,56,43200,7200,10,part2_spatial_crn_h10_n100,normal_load_baseline_seed_56,outputs/batch/part2_spatial_crn_h10_n100/normal_load/baseline/seed_56,care_area,True
normal_load,baseline,57,43200,7200,10,part2_spatial_crn_h10_n100,normal_load_baseline_seed_57,outputs/batch/part2_spatial_crn_h10_n100/normal_load/baseline/seed_57,care_area,True
normal_load,baseline,58,43200,7200,10,part2_spatial_crn_h10_n100,normal_load_baseline_seed_58,outputs/batch/part2_spatial_crn_h10_n100/normal_load/baseline/seed_58,care_area,True
normal_load,baseline,59,43200,7200,10,part2_spatial_crn_h10_n100,normal_load_baseline_seed_59,outputs/batch/part2_spatial_crn_h10_n100/normal_load/baseline/seed_59,care_area,True
normal_load,baseline,60,43200,7200,10,part2_spatial_crn_h10_n100,normal_load_baseline_seed_60,outputs/batch/part2_spatial_crn_h10_n100/normal_load/baseline/seed_60,care_area,True
normal_load,baseline,61,43200,7200,10,part2_spatial_crn_h10_n100,normal_load_baseline_seed_61,outputs/batch/part2_spatial_crn_h10_n100/normal_load/baseline/seed_61,care_area,True
normal_load,baseline,62,43200,7200,10,part2_spatial_crn_h10_n100,normal_load_baseline_seed_62,outputs/batch/part2_spatial_crn_h10_n100/normal_load/baseline/seed_62,care_area,True
normal_load,baseline,63,43200,7200,10,part2_spatial_crn_h10_n100,normal_load_baseline_seed_63,outputs/batch/part2_spatial_crn_h10_n100/normal_load/baseline/seed_63,care_area,True
normal_load,baseline,64,43200,7200,10,part2_spatial_crn_h10_n100,normal_load_baseline_seed_64,outputs/batch/part2_spatial_crn_h10_n100/normal_load/baseline/seed_64,care_area,True
normal_load,baseline,65,43200,7200,10,part2_spatial_crn_h10_n100,normal_load_baseline_seed_65,outputs/batch/part2_spatial_crn_h10_n100/normal_load/baseline/seed_65,care_area,True
normal_load,baseline,66,43200,7200,10,part2_spatial_crn_h10_n100,normal_load_baseline_seed_66,outputs/batch/part2_spatial_crn_h10_n100/normal_load/baseline/seed_66,care_area,True
normal_load,baseline,67,43200,7200,10,part2_spatial_crn_h10_n100,normal_load_baseline_seed_67,outputs/batch/part2_spatial_crn_h10_n100/normal_load/baseline/seed_67,care_area,True
normal_load,baseline,68,43200,7200,10,part2_spatial_crn_h10_n100,normal_load_baseline_seed_68,outputs/batch/part2_spatial_crn_h10_n100/normal_load/baseline/seed_68,care_area,True
normal_load,baseline,69,43200,7200,10,part2_spatial_crn_h10_n100,normal_load_baseline_seed_69,outputs/batch/part2_spatial_crn_h10_n100/normal_load/baseline/seed_69,care_area,True
normal_load,baseline,70,43200,7200,10,part2_spatial_crn_h10_n100,normal_load_baseline_seed_70,outputs/batch/part2_spatial_crn_h10_n100/normal_load/baseline/seed_70,care_area,True
normal_load,baseline,71,43200,7200,10,part2_spatial_crn_h10_n100,normal_load_baseline_seed_71,outputs/batch/part2_spatial_crn_h10_n100/normal_load/baseline/seed_71,care_area,True
normal_load,baseline,72,43200,7200,10,part2_spatial_crn_h10_n100,normal_load_baseline_seed_72,outputs/batch/part2_spatial_crn_h10_n100/normal_load/baseline/seed_72,care_area,True
normal_load,baseline,73,43200,7200,10,part2_spatial_crn_h10_n100,normal_load_baseline_seed_73,outputs/batch/part2_spatial_crn_h10_n100/normal_load/baseline/seed_73,care_area,True
normal_load,baseline,74,43200,7200,10,part2_spatial_crn_h10_n100,normal_load_baseline_seed_74,outputs/batch/part2_spatial_crn_h10_n100/normal_load/baseline/seed_74,care_area,True
normal_load,baseline,75,43200,7200,10,part2_spatial_crn_h10_n100,normal_load_baseline_seed_75,outputs/batch/part2_spatial_crn_h10_n100/normal_load/baseline/seed_75,care_area,True
normal_load,baseline,76,43200,7200,10,part2_spatial_crn_h10_n100,normal_load_baseline_seed_76,outputs/batch/part2_spatial_crn_h10_n100/normal_load/baseline/seed_76,care_area,True
normal_load,baseline,77,43200,7200,10,part2_spatial_crn_h10_n100,normal_load_baseline_seed_77,outputs/batch/part2_spatial_crn_h10_n100/normal_load/baseline/seed_77,care_area,True
normal_load,baseline,78,43200,7200,10,part2_spatial_crn_h10_n100,normal_load_baseline_seed_78,outputs/batch/part2_spatial_crn_h10_n100/normal_load/baseline/seed_78,care_area,True
normal_load,baseline,79,43200,7200,10,part2_spatial_crn_h10_n100,normal_load_baseline_seed_79,outputs/batch/part2_spatial_crn_h10_n100/normal_load/baseline/seed_79,care_area,True
normal_load,baseline,80,43200,7200,10,part2_spatial_crn_h10_n100,normal_load_baseline_seed_80,outputs/batch/part2_spatial_crn_h10_n100/normal_load/baseline/seed_80,care_area,True
normal_load,baseline,81,43200,7200,10,part2_spatial_crn_h10_n100,normal_load_baseline_seed_81,outputs/batch/part2_spatial_crn_h10_n100/normal_load/baseline/seed_81,care_area,True
normal_load,baseline,82,43200,7200,10,part2_spatial_crn_h10_n100,normal_load_baseline_seed_82,outputs/batch/part2_spatial_crn_h10_n100/normal_load/baseline/seed_82,care_area,True
normal_load,baseline,83,43200,7200,10,part2_spatial_crn_h10_n100,normal_load_baseline_seed_83,outputs/batch/part2_spatial_crn_h10_n100/normal_load/baseline/seed_83,care_area,True
normal_load,baseline,84,43200,7200,10,part2_spatial_crn_h10_n100,normal_load_baseline_seed_84,outputs/batch/part2_spatial_crn_h10_n100/normal_load/baseline/seed_84,care_area,True
normal_load,baseline,85,43200,7200,10,part2_spatial_crn_h10_n100,normal_load_baseline_seed_85,outputs/batch/part2_spatial_crn_h10_n100/normal_load/baseline/seed_85,care_area,True
normal_load,baseline,86,43200,7200,10,part2_spatial_crn_h10_n100,normal_load_baseline_seed_86,outputs/batch/part2_spatial_crn_h10_n100/normal_load/baseline/seed_86,care_area,True
normal_load,baseline,87,43200,7200,10,part2_spatial_crn_h10_n100,normal_load_baseline_seed_87,outputs/batch/part2_spatial_crn_h10_n100/normal_load/baseline/seed_87,care_area,True
normal_load,baseline,88,43200,7200,10,part2_spatial_crn_h10_n100,normal_load_baseline_seed_88,outputs/batch/part2_spatial_crn_h10_n100/normal_load/baseline/seed_88,care_area,True
normal_load,baseline,89,43200,7200,10,part2_spatial_crn_h10_n100,normal_load_baseline_seed_89,outputs/batch/part2_spatial_crn_h10_n100/normal_load/baseline/seed_89,care_area,True
normal_load,baseline,90,43200,7200,10,part2_spatial_crn_h10_n100,normal_load_baseline_seed_90,outputs/batch/part2_spatial_crn_h10_n100/normal_load/baseline/seed_90,care_area,True
normal_load,baseline,91,43200,7200,10,part2_spatial_crn_h10_n100,normal_load_baseline_seed_91,outputs/batch/part2_spatial_crn_h10_n100/normal_load/baseline/seed_91,care_area,True
normal_load,baseline,92,43200,7200,10,part2_spatial_crn_h10_n100,normal_load_baseline_seed_92,outputs/batch/part2_spatial_crn_h10_n100/normal_load/baseline/seed_92,care_area,True
normal_load,baseline,93,43200,7200,10,part2_spatial_crn_h10_n100,normal_load_baseline_seed_93,outputs/batch/part2_spatial_crn_h10_n100/normal_load/baseline/seed_93,care_area,True
normal_load,baseline,94,43200,7200,10,part2_spatial_crn_h10_n100,normal_load_baseline_seed_94,outputs/batch/part2_spatial_crn_h10_n100/normal_load/baseline/seed_94,care_area,True
normal_load,baseline,95,43200,7200,10,part2_spatial_crn_h10_n100,normal_load_baseline_seed_95,outputs/batch/part2_spatial_crn_h10_n100/normal_load/baseline/seed_95,care_area,True
normal_load,baseline,96,43200,7200,10,part2_spatial_crn_h10_n100,normal_load_baseline_seed_96,outputs/batch/part2_spatial_crn_h10_n100/normal_load/baseline/seed_96,care_area,True
normal_load,baseline,97,43200,7200,10,part2_spatial_crn_h10_n100,normal_load_baseline_seed_97,outputs/batch/part2_spatial_crn_h10_n100/normal_load/baseline/seed_97,care_area,True
normal_load,baseline,98,43200,7200,10,part2_spatial_crn_h10_n100,normal_load_baseline_seed_98,outputs/batch/part2_spatial_crn_h10_n100/normal_load/baseline/seed_98,care_area,True
normal_load,baseline,99,43200,7200,10,part2_spatial_crn_h10_n100,normal_load_baseline_seed_99,outputs/batch/part2_spatial_crn_h10_n100/normal_load/baseline/seed_99,care_area,True
normal_load,baseline,100,43200,7200,10,part2_spatial_crn_h10_n100,normal_load_baseline_seed_100,outputs/batch/part2_spatial_crn_h10_n100/normal_load/baseline/seed_100,care_area,True
normal_load,cockpit_only,1,43200,7200,10,part2_spatial_crn_h10_n100,normal_load_cockpit_only_seed_1,outputs/batch/part2_spatial_crn_h10_n100/normal_load/cockpit_only/seed_1,care_area,True
normal_load,cockpit_only,2,43200,7200,10,part2_spatial_crn_h10_n100,normal_load_cockpit_only_seed_2,outputs/batch/part2_spatial_crn_h10_n100/normal_load/cockpit_only/seed_2,care_area,True
normal_load,cockpit_only,3,43200,7200,10,part2_spatial_crn_h10_n100,normal_load_cockpit_only_seed_3,outputs/batch/part2_spatial_crn_h10_n100/normal_load/cockpit_only/seed_3,care_area,True
normal_load,cockpit_only,4,43200,7200,10,part2_spatial_crn_h10_n100,normal_load_cockpit_only_seed_4,outputs/batch/part2_spatial_crn_h10_n100/normal_load/cockpit_only/seed_4,care_area,True
normal_load,cockpit_only,5,43200,7200,10,part2_spatial_crn_h10_n100,normal_load_cockpit_only_seed_5,outputs/batch/part2_spatial_crn_h10_n100/normal_load/cockpit_only/seed_5,care_area,True
normal_load,cockpit_only,6,43200,7200,10,part2_spatial_crn_h10_n100,normal_load_cockpit_only_seed_6,outputs/batch/part2_spatial_crn_h10_n100/normal_load/cockpit_only/seed_6,care_area,True
normal_load,cockpit_only,7,43200,7200,10,part2_spatial_crn_h10_n100,normal_load_cockpit_only_seed_7,outputs/batch/part2_spatial_crn_h10_n100/normal_load/cockpit_only/seed_7,care_area,True
normal_load,cockpit_only,8,43200,7200,10,part2_spatial_crn_h10_n100,normal_load_cockpit_only_seed_8,outputs/batch/part2_spatial_crn_h10_n100/normal_load/cockpit_only/seed_8,care_area,True
normal_load,cockpit_only,9,43200,7200,10,part2_spatial_crn_h10_n100,normal_load_cockpit_only_seed_9,outputs/batch/part2_spatial_crn_h10_n100/normal_load/cockpit_only/seed_9,care_area,True
normal_load,cockpit_only,10,43200,7200,10,part2_spatial_crn_h10_n100,normal_load_cockpit_only_seed_10,outputs/batch/part2_spatial_crn_h10_n100/normal_load/cockpit_only/seed_10,care_area,True
normal_load,cockpit_only,11,43200,7200,10,part2_spatial_crn_h10_n100,normal_load_cockpit_only_seed_11,outputs/batch/part2_spatial_crn_h10_n100/normal_load/cockpit_only/seed_11,care_area,True
normal_load,cockpit_only,12,43200,7200,10,part2_spatial_crn_h10_n100,normal_load_cockpit_only_seed_12,outputs/batch/part2_spatial_crn_h10_n100/normal_load/cockpit_only/seed_12,care_area,True
normal_load,cockpit_only,13,43200,7200,10,part2_spatial_crn_h10_n100,normal_load_cockpit_only_seed_13,outputs/batch/part2_spatial_crn_h10_n100/normal_load/cockpit_only/seed_13,care_area,True
normal_load,cockpit_only,14,43200,7200,10,part2_spatial_crn_h10_n100,normal_load_cockpit_only_seed_14,outputs/batch/part2_spatial_crn_h10_n100/normal_load/cockpit_only/seed_14,care_area,True
normal_load,cockpit_only,15,43200,7200,10,part2_spatial_crn_h10_n100,normal_load_cockpit_only_seed_15,outputs/batch/part2_spatial_crn_h10_n100/normal_load/cockpit_only/seed_15,care_area,True
normal_load,cockpit_only,16,43200,7200,10,part2_spatial_crn_h10_n100,normal_load_cockpit_only_seed_16,outputs/batch/part2_spatial_crn_h10_n100/normal_load/cockpit_only/seed_16,care_area,True
normal_load,cockpit_only,17,43200,7200,10,part2_spatial_crn_h10_n100,normal_load_cockpit_only_seed_17,outputs/batch/part2_spatial_crn_h10_n100/normal_load/cockpit_only/seed_17,care_area,True
normal_load,cockpit_only,18,43200,7200,10,part2_spatial_crn_h10_n100,normal_load_cockpit_only_seed_18,outputs/batch/part2_spatial_crn_h10_n100/normal_load/cockpit_only/seed_18,care_area,True
normal_load,cockpit_only,19,43200,7200,10,part2_spatial_crn_h10_n100,normal_load_cockpit_only_seed_19,outputs/batch/part2_spatial_crn_h10_n100/normal_load/cockpit_only/seed_19,care_area,True
normal_load,cockpit_only,20,43200,7200,10,part2_spatial_crn_h10_n100,normal_load_cockpit_only_seed_20,outputs/batch/part2_spatial_crn_h10_n100/normal_load/cockpit_only/seed_20,care_area,True
normal_load,cockpit_only,21,43200,7200,10,part2_spatial_crn_h10_n100,normal_load_cockpit_only_seed_21,outputs/batch/part2_spatial_crn_h10_n100/normal_load/cockpit_only/seed_21,care_area,True
normal_load,cockpit_only,22,43200,7200,10,part2_spatial_crn_h10_n100,normal_load_cockpit_only_seed_22,outputs/batch/part2_spatial_crn_h10_n100/normal_load/cockpit_only/seed_22,care_area,True
normal_load,cockpit_only,23,43200,7200,10,part2_spatial_crn_h10_n100,normal_load_cockpit_only_seed_23,outputs/batch/part2_spatial_crn_h10_n100/normal_load/cockpit_only/seed_23,care_area,True
normal_load,cockpit_only,24,43200,7200,10,part2_spatial_crn_h10_n100,normal_load_cockpit_only_seed_24,outputs/batch/part2_spatial_crn_h10_n100/normal_load/cockpit_only/seed_24,care_area,True
normal_load,cockpit_only,25,43200,7200,10,part2_spatial_crn_h10_n100,normal_load_cockpit_only_seed_25,outputs/batch/part2_spatial_crn_h10_n100/normal_load/cockpit_only/seed_25,care_area,True
normal_load,cockpit_only,26,43200,7200,10,part2_spatial_crn_h10_n100,normal_load_cockpit_only_seed_26,outputs/batch/part2_spatial_crn_h10_n100/normal_load/cockpit_only/seed_26,care_area,True
normal_load,cockpit_only,27,43200,7200,10,part2_spatial_crn_h10_n100,normal_load_cockpit_only_seed_27,outputs/batch/part2_spatial_crn_h10_n100/normal_load/cockpit_only/seed_27,care_area,True
normal_load,cockpit_only,28,43200,7200,10,part2_spatial_crn_h10_n100,normal_load_cockpit_only_seed_28,outputs/batch/part2_spatial_crn_h10_n100/normal_load/cockpit_only/seed_28,care_area,True
normal_load,cockpit_only,29,43200,7200,10,part2_spatial_crn_h10_n100,normal_load_cockpit_only_seed_29,outputs/batch/part2_spatial_crn_h10_n100/normal_load/cockpit_only/seed_29,care_area,True
normal_load,cockpit_only,30,43200,7200,10,part2_spatial_crn_h10_n100,normal_load_cockpit_only_seed_30,outputs/batch/part2_spatial_crn_h10_n100/normal_load/cockpit_only/seed_30,care_area,True
normal_load,cockpit_only,31,43200,7200,10,part2_spatial_crn_h10_n100,normal_load_cockpit_only_seed_31,outputs/batch/part2_spatial_crn_h10_n100/normal_load/cockpit_only/seed_31,care_area,True
normal_load,cockpit_only,32,43200,7200,10,part2_spatial_crn_h10_n100,normal_load_cockpit_only_seed_32,outputs/batch/part2_spatial_crn_h10_n100/normal_load/cockpit_only/seed_32,care_area,True
normal_load,cockpit_only,33,43200,7200,10,part2_spatial_crn_h10_n100,normal_load_cockpit_only_seed_33,outputs/batch/part2_spatial_crn_h10_n100/normal_load/cockpit_only/seed_33,care_area,True
normal_load,cockpit_only,34,43200,7200,10,part2_spatial_crn_h10_n100,normal_load_cockpit_only_seed_34,outputs/batch/part2_spatial_crn_h10_n100/normal_load/cockpit_only/seed_34,care_area,True
normal_load,cockpit_only,35,43200,7200,10,part2_spatial_crn_h10_n100,normal_load_cockpit_only_seed_35,outputs/batch/part2_spatial_crn_h10_n100/normal_load/cockpit_only/seed_35,care_area,True
normal_load,cockpit_only,36,43200,7200,10,part2_spatial_crn_h10_n100,normal_load_cockpit_only_seed_36,outputs/batch/part2_spatial_crn_h10_n100/normal_load/cockpit_only/seed_36,care_area,True
normal_load,cockpit_only,37,43200,7200,10,part2_spatial_crn_h10_n100,normal_load_cockpit_only_seed_37,outputs/batch/part2_spatial_crn_h10_n100/normal_load/cockpit_only/seed_37,care_area,True
normal_load,cockpit_only,38,43200,7200,10,part2_spatial_crn_h10_n100,normal_load_cockpit_only_seed_38,outputs/batch/part2_spatial_crn_h10_n100/normal_load/cockpit_only/seed_38,care_area,True
normal_load,cockpit_only,39,43200,7200,10,part2_spatial_crn_h10_n100,normal_load_cockpit_only_seed_39,outputs/batch/part2_spatial_crn_h10_n100/normal_load/cockpit_only/seed_39,care_area,True
normal_load,cockpit_only,40,43200,7200,10,part2_spatial_crn_h10_n100,normal_load_cockpit_only_seed_40,outputs/batch/part2_spatial_crn_h10_n100/normal_load/cockpit_only/seed_40,care_area,True
normal_load,cockpit_only,41,43200,7200,10,part2_spatial_crn_h10_n100,normal_load_cockpit_only_seed_41,outputs/batch/part2_spatial_crn_h10_n100/normal_load/cockpit_only/seed_41,care_area,True
normal_load,cockpit_only,42,43200,7200,10,part2_spatial_crn_h10_n100,normal_load_cockpit_only_seed_42,outputs/batch/part2_spatial_crn_h10_n100/normal_load/cockpit_only/seed_42,care_area,True
normal_load,cockpit_only,43,43200,7200,10,part2_spatial_crn_h10_n100,normal_load_cockpit_only_seed_43,outputs/batch/part2_spatial_crn_h10_n100/normal_load/cockpit_only/seed_43,care_area,True
normal_load,cockpit_only,44,43200,7200,10,part2_spatial_crn_h10_n100,normal_load_cockpit_only_seed_44,outputs/batch/part2_spatial_crn_h10_n100/normal_load/cockpit_only/seed_44,care_area,True
normal_load,cockpit_only,45,43200,7200,10,part2_spatial_crn_h10_n100,normal_load_cockpit_only_seed_45,outputs/batch/part2_spatial_crn_h10_n100/normal_load/cockpit_only/seed_45,care_area,True
normal_load,cockpit_only,46,43200,7200,10,part2_spatial_crn_h10_n100,normal_load_cockpit_only_seed_46,outputs/batch/part2_spatial_crn_h10_n100/normal_load/cockpit_only/seed_46,care_area,True
normal_load,cockpit_only,47,43200,7200,10,part2_spatial_crn_h10_n100,normal_load_cockpit_only_seed_47,outputs/batch/part2_spatial_crn_h10_n100/normal_load/cockpit_only/seed_47,care_area,True
normal_load,cockpit_only,48,43200,7200,10,part2_spatial_crn_h10_n100,normal_load_cockpit_only_seed_48,outputs/batch/part2_spatial_crn_h10_n100/normal_load/cockpit_only/seed_48,care_area,True
normal_load,cockpit_only,49,43200,7200,10,part2_spatial_crn_h10_n100,normal_load_cockpit_only_seed_49,outputs/batch/part2_spatial_crn_h10_n100/normal_load/cockpit_only/seed_49,care_area,True
normal_load,cockpit_only,50,43200,7200,10,part2_spatial_crn_h10_n100,normal_load_cockpit_only_seed_50,outputs/batch/part2_spatial_crn_h10_n100/normal_load/cockpit_only/seed_50,care_area,True
normal_load,cockpit_only,51,43200,7200,10,part2_spatial_crn_h10_n100,normal_load_cockpit_only_seed_51,outputs/batch/part2_spatial_crn_h10_n100/normal_load/cockpit_only/seed_51,care_area,True
normal_load,cockpit_only,52,43200,7200,10,part2_spatial_crn_h10_n100,normal_load_cockpit_only_seed_52,outputs/batch/part2_spatial_crn_h10_n100/normal_load/cockpit_only/seed_52,care_area,True
normal_load,cockpit_only,53,43200,7200,10,part2_spatial_crn_h10_n100,normal_load_cockpit_only_seed_53,outputs/batch/part2_spatial_crn_h10_n100/normal_load/cockpit_only/seed_53,care_area,True
normal_load,cockpit_only,54,43200,7200,10,part2_spatial_crn_h10_n100,normal_load_cockpit_only_seed_54,outputs/batch/part2_spatial_crn_h10_n100/normal_load/cockpit_only/seed_54,care_area,True
normal_load,cockpit_only,55,43200,7200,10,part2_spatial_crn_h10_n100,normal_load_cockpit_only_seed_55,outputs/batch/part2_spatial_crn_h10_n100/normal_load/cockpit_only/seed_55,care_area,True
normal_load,cockpit_only,56,43200,7200,10,part2_spatial_crn_h10_n100,normal_load_cockpit_only_seed_56,outputs/batch/part2_spatial_crn_h10_n100/normal_load/cockpit_only/seed_56,care_area,True
normal_load,cockpit_only,57,43200,7200,10,part2_spatial_crn_h10_n100,normal_load_cockpit_only_seed_57,outputs/batch/part2_spatial_crn_h10_n100/normal_load/cockpit_only/seed_57,care_area,True
normal_load,cockpit_only,58,43200,7200,10,part2_spatial_crn_h10_n100,normal_load_cockpit_only_seed_58,outputs/batch/part2_spatial_crn_h10_n100/normal_load/cockpit_only/seed_58,care_area,True
normal_load,cockpit_only,59,43200,7200,10,part2_spatial_crn_h10_n100,normal_load_cockpit_only_seed_59,outputs/batch/part2_spatial_crn_h10_n100/normal_load/cockpit_only/seed_59,care_area,True
normal_load,cockpit_only,60,43200,7200,10,part2_spatial_crn_h10_n100,normal_load_cockpit_only_seed_60,outputs/batch/part2_spatial_crn_h10_n100/normal_load/cockpit_only/seed_60,care_area,True
normal_load,cockpit_only,61,43200,7200,10,part2_spatial_crn_h10_n100,normal_load_cockpit_only_seed_61,outputs/batch/part2_spatial_crn_h10_n100/normal_load/cockpit_only/seed_61,care_area,True
normal_load,cockpit_only,62,43200,7200,10,part2_spatial_crn_h10_n100,normal_load_cockpit_only_seed_62,outputs/batch/part2_spatial_crn_h10_n100/normal_load/cockpit_only/seed_62,care_area,True
normal_load,cockpit_only,63,43200,7200,10,part2_spatial_crn_h10_n100,normal_load_cockpit_only_seed_63,outputs/batch/part2_spatial_crn_h10_n100/normal_load/cockpit_only/seed_63,care_area,True
normal_load,cockpit_only,64,43200,7200,10,part2_spatial_crn_h10_n100,normal_load_cockpit_only_seed_64,outputs/batch/part2_spatial_crn_h10_n100/normal_load/cockpit_only/seed_64,care_area,True
normal_load,cockpit_only,65,43200,7200,10,part2_spatial_crn_h10_n100,normal_load_cockpit_only_seed_65,outputs/batch/part2_spatial_crn_h10_n100/normal_load/cockpit_only/seed_65,care_area,True
normal_load,cockpit_only,66,43200,7200,10,part2_spatial_crn_h10_n100,normal_load_cockpit_only_seed_66,outputs/batch/part2_spatial_crn_h10_n100/normal_load/cockpit_only/seed_66,care_area,True
normal_load,cockpit_only,67,43200,7200,10,part2_spatial_crn_h10_n100,normal_load_cockpit_only_seed_67,outputs/batch/part2_spatial_crn_h10_n100/normal_load/cockpit_only/seed_67,care_area,True
normal_load,cockpit_only,68,43200,7200,10,part2_spatial_crn_h10_n100,normal_load_cockpit_only_seed_68,outputs/batch/part2_spatial_crn_h10_n100/normal_load/cockpit_only/seed_68,care_area,True
normal_load,cockpit_only,69,43200,7200,10,part2_spatial_crn_h10_n100,normal_load_cockpit_only_seed_69,outputs/batch/part2_spatial_crn_h10_n100/normal_load/cockpit_only/seed_69,care_area,True
normal_load,cockpit_only,70,43200,7200,10,part2_spatial_crn_h10_n100,normal_load_cockpit_only_seed_70,outputs/batch/part2_spatial_crn_h10_n100/normal_load/cockpit_only/seed_70,care_area,True
normal_load,cockpit_only,71,43200,7200,10,part2_spatial_crn_h10_n100,normal_load_cockpit_only_seed_71,outputs/batch/part2_spatial_crn_h10_n100/normal_load/cockpit_only/seed_71,care_area,True
normal_load,cockpit_only,72,43200,7200,10,part2_spatial_crn_h10_n100,normal_load_cockpit_only_seed_72,outputs/batch/part2_spatial_crn_h10_n100/normal_load/cockpit_only/seed_72,care_area,True
normal_load,cockpit_only,73,43200,7200,10,part2_spatial_crn_h10_n100,normal_load_cockpit_only_seed_73,outputs/batch/part2_spatial_crn_h10_n100/normal_load/cockpit_only/seed_73,care_area,True
normal_load,cockpit_only,74,43200,7200,10,part2_spatial_crn_h10_n100,normal_load_cockpit_only_seed_74,outputs/batch/part2_spatial_crn_h10_n100/normal_load/cockpit_only/seed_74,care_area,True
normal_load,cockpit_only,75,43200,7200,10,part2_spatial_crn_h10_n100,normal_load_cockpit_only_seed_75,outputs/batch/part2_spatial_crn_h10_n100/normal_load/cockpit_only/seed_75,care_area,True
normal_load,cockpit_only,76,43200,7200,10,part2_spatial_crn_h10_n100,normal_load_cockpit_only_seed_76,outputs/batch/part2_spatial_crn_h10_n100/normal_load/cockpit_only/seed_76,care_area,True
normal_load,cockpit_only,77,43200,7200,10,part2_spatial_crn_h10_n100,normal_load_cockpit_only_seed_77,outputs/batch/part2_spatial_crn_h10_n100/normal_load/cockpit_only/seed_77,care_area,True
normal_load,cockpit_only,78,43200,7200,10,part2_spatial_crn_h10_n100,normal_load_cockpit_only_seed_78,outputs/batch/part2_spatial_crn_h10_n100/normal_load/cockpit_only/seed_78,care_area,True
normal_load,cockpit_only,79,43200,7200,10,part2_spatial_crn_h10_n100,normal_load_cockpit_only_seed_79,outputs/batch/part2_spatial_crn_h10_n100/normal_load/cockpit_only/seed_79,care_area,True
normal_load,cockpit_only,80,43200,7200,10,part2_spatial_crn_h10_n100,normal_load_cockpit_only_seed_80,outputs/batch/part2_spatial_crn_h10_n100/normal_load/cockpit_only/seed_80,care_area,True
normal_load,cockpit_only,81,43200,7200,10,part2_spatial_crn_h10_n100,normal_load_cockpit_only_seed_81,outputs/batch/part2_spatial_crn_h10_n100/normal_load/cockpit_only/seed_81,care_area,True
normal_load,cockpit_only,82,43200,7200,10,part2_spatial_crn_h10_n100,normal_load_cockpit_only_seed_82,outputs/batch/part2_spatial_crn_h10_n100/normal_load/cockpit_only/seed_82,care_area,True
normal_load,cockpit_only,83,43200,7200,10,part2_spatial_crn_h10_n100,normal_load_cockpit_only_seed_83,outputs/batch/part2_spatial_crn_h10_n100/normal_load/cockpit_only/seed_83,care_area,True
normal_load,cockpit_only,84,43200,7200,10,part2_spatial_crn_h10_n100,normal_load_cockpit_only_seed_84,outputs/batch/part2_spatial_crn_h10_n100/normal_load/cockpit_only/seed_84,care_area,True
normal_load,cockpit_only,85,43200,7200,10,part2_spatial_crn_h10_n100,normal_load_cockpit_only_seed_85,outputs/batch/part2_spatial_crn_h10_n100/normal_load/cockpit_only/seed_85,care_area,True
normal_load,cockpit_only,86,43200,7200,10,part2_spatial_crn_h10_n100,normal_load_cockpit_only_seed_86,outputs/batch/part2_spatial_crn_h10_n100/normal_load/cockpit_only/seed_86,care_area,True
normal_load,cockpit_only,87,43200,7200,10,part2_spatial_crn_h10_n100,normal_load_cockpit_only_seed_87,outputs/batch/part2_spatial_crn_h10_n100/normal_load/cockpit_only/seed_87,care_area,True
normal_load,cockpit_only,88,43200,7200,10,part2_spatial_crn_h10_n100,normal_load_cockpit_only_seed_88,outputs/batch/part2_spatial_crn_h10_n100/normal_load/cockpit_only/seed_88,care_area,True
normal_load,cockpit_only,89,43200,7200,10,part2_spatial_crn_h10_n100,normal_load_cockpit_only_seed_89,outputs/batch/part2_spatial_crn_h10_n100/normal_load/cockpit_only/seed_89,care_area,True
normal_load,cockpit_only,90,43200,7200,10,part2_spatial_crn_h10_n100,normal_load_cockpit_only_seed_90,outputs/batch/part2_spatial_crn_h10_n100/normal_load/cockpit_only/seed_90,care_area,True
normal_load,cockpit_only,91,43200,7200,10,part2_spatial_crn_h10_n100,normal_load_cockpit_only_seed_91,outputs/batch/part2_spatial_crn_h10_n100/normal_load/cockpit_only/seed_91,care_area,True
normal_load,cockpit_only,92,43200,7200,10,part2_spatial_crn_h10_n100,normal_load_cockpit_only_seed_92,outputs/batch/part2_spatial_crn_h10_n100/normal_load/cockpit_only/seed_92,care_area,True
normal_load,cockpit_only,93,43200,7200,10,part2_spatial_crn_h10_n100,normal_load_cockpit_only_seed_93,outputs/batch/part2_spatial_crn_h10_n100/normal_load/cockpit_only/seed_93,care_area,True
normal_load,cockpit_only,94,43200,7200,10,part2_spatial_crn_h10_n100,normal_load_cockpit_only_seed_94,outputs/batch/part2_spatial_crn_h10_n100/normal_load/cockpit_only/seed_94,care_area,True
normal_load,cockpit_only,95,43200,7200,10,part2_spatial_crn_h10_n100,normal_load_cockpit_only_seed_95,outputs/batch/part2_spatial_crn_h10_n100/normal_load/cockpit_only/seed_95,care_area,True
normal_load,cockpit_only,96,43200,7200,10,part2_spatial_crn_h10_n100,normal_load_cockpit_only_seed_96,outputs/batch/part2_spatial_crn_h10_n100/normal_load/cockpit_only/seed_96,care_area,True
normal_load,cockpit_only,97,43200,7200,10,part2_spatial_crn_h10_n100,normal_load_cockpit_only_seed_97,outputs/batch/part2_spatial_crn_h10_n100/normal_load/cockpit_only/seed_97,care_area,True
normal_load,cockpit_only,98,43200,7200,10,part2_spatial_crn_h10_n100,normal_load_cockpit_only_seed_98,outputs/batch/part2_spatial_crn_h10_n100/normal_load/cockpit_only/seed_98,care_area,True
normal_load,cockpit_only,99,43200,7200,10,part2_spatial_crn_h10_n100,normal_load_cockpit_only_seed_99,outputs/batch/part2_spatial_crn_h10_n100/normal_load/cockpit_only/seed_99,care_area,True
normal_load,cockpit_only,100,43200,7200,10,part2_spatial_crn_h10_n100,normal_load_cockpit_only_seed_100,outputs/batch/part2_spatial_crn_h10_n100/normal_load/cockpit_only/seed_100,care_area,True
normal_load,nursta_only,1,43200,7200,10,part2_spatial_crn_h10_n100,normal_load_nursta_only_seed_1,outputs/batch/part2_spatial_crn_h10_n100/normal_load/nursta_only/seed_1,care_area,True
normal_load,nursta_only,2,43200,7200,10,part2_spatial_crn_h10_n100,normal_load_nursta_only_seed_2,outputs/batch/part2_spatial_crn_h10_n100/normal_load/nursta_only/seed_2,care_area,True
normal_load,nursta_only,3,43200,7200,10,part2_spatial_crn_h10_n100,normal_load_nursta_only_seed_3,outputs/batch/part2_spatial_crn_h10_n100/normal_load/nursta_only/seed_3,care_area,True
normal_load,nursta_only,4,43200,7200,10,part2_spatial_crn_h10_n100,normal_load_nursta_only_seed_4,outputs/batch/part2_spatial_crn_h10_n100/normal_load/nursta_only/seed_4,care_area,True
normal_load,nursta_only,5,43200,7200,10,part2_spatial_crn_h10_n100,normal_load_nursta_only_seed_5,outputs/batch/part2_spatial_crn_h10_n100/normal_load/nursta_only/seed_5,care_area,True
normal_load,nursta_only,6,43200,7200,10,part2_spatial_crn_h10_n100,normal_load_nursta_only_seed_6,outputs/batch/part2_spatial_crn_h10_n100/normal_load/nursta_only/seed_6,care_area,True
normal_load,nursta_only,7,43200,7200,10,part2_spatial_crn_h10_n100,normal_load_nursta_only_seed_7,outputs/batch/part2_spatial_crn_h10_n100/normal_load/nursta_only/seed_7,care_area,True
normal_load,nursta_only,8,43200,7200,10,part2_spatial_crn_h10_n100,normal_load_nursta_only_seed_8,outputs/batch/part2_spatial_crn_h10_n100/normal_load/nursta_only/seed_8,care_area,True
normal_load,nursta_only,9,43200,7200,10,part2_spatial_crn_h10_n100,normal_load_nursta_only_seed_9,outputs/batch/part2_spatial_crn_h10_n100/normal_load/nursta_only/seed_9,care_area,True
normal_load,nursta_only,10,43200,7200,10,part2_spatial_crn_h10_n100,normal_load_nursta_only_seed_10,outputs/batch/part2_spatial_crn_h10_n100/normal_load/nursta_only/seed_10,care_area,True
normal_load,nursta_only,11,43200,7200,10,part2_spatial_crn_h10_n100,normal_load_nursta_only_seed_11,outputs/batch/part2_spatial_crn_h10_n100/normal_load/nursta_only/seed_11,care_area,True
normal_load,nursta_only,12,43200,7200,10,part2_spatial_crn_h10_n100,normal_load_nursta_only_seed_12,outputs/batch/part2_spatial_crn_h10_n100/normal_load/nursta_only/seed_12,care_area,True
normal_load,nursta_only,13,43200,7200,10,part2_spatial_crn_h10_n100,normal_load_nursta_only_seed_13,outputs/batch/part2_spatial_crn_h10_n100/normal_load/nursta_only/seed_13,care_area,True
normal_load,nursta_only,14,43200,7200,10,part2_spatial_crn_h10_n100,normal_load_nursta_only_seed_14,outputs/batch/part2_spatial_crn_h10_n100/normal_load/nursta_only/seed_14,care_area,True
normal_load,nursta_only,15,43200,7200,10,part2_spatial_crn_h10_n100,normal_load_nursta_only_seed_15,outputs/batch/part2_spatial_crn_h10_n100/normal_load/nursta_only/seed_15,care_area,True
normal_load,nursta_only,16,43200,7200,10,part2_spatial_crn_h10_n100,normal_load_nursta_only_seed_16,outputs/batch/part2_spatial_crn_h10_n100/normal_load/nursta_only/seed_16,care_area,True
normal_load,nursta_only,17,43200,7200,10,part2_spatial_crn_h10_n100,normal_load_nursta_only_seed_17,outputs/batch/part2_spatial_crn_h10_n100/normal_load/nursta_only/seed_17,care_area,True
normal_load,nursta_only,18,43200,7200,10,part2_spatial_crn_h10_n100,normal_load_nursta_only_seed_18,outputs/batch/part2_spatial_crn_h10_n100/normal_load/nursta_only/seed_18,care_area,True
normal_load,nursta_only,19,43200,7200,10,part2_spatial_crn_h10_n100,normal_load_nursta_only_seed_19,outputs/batch/part2_spatial_crn_h10_n100/normal_load/nursta_only/seed_19,care_area,True
normal_load,nursta_only,20,43200,7200,10,part2_spatial_crn_h10_n100,normal_load_nursta_only_seed_20,outputs/batch/part2_spatial_crn_h10_n100/normal_load/nursta_only/seed_20,care_area,True
normal_load,nursta_only,21,43200,7200,10,part2_spatial_crn_h10_n100,normal_load_nursta_only_seed_21,outputs/batch/part2_spatial_crn_h10_n100/normal_load/nursta_only/seed_21,care_area,True
normal_load,nursta_only,22,43200,7200,10,part2_spatial_crn_h10_n100,normal_load_nursta_only_seed_22,outputs/batch/part2_spatial_crn_h10_n100/normal_load/nursta_only/seed_22,care_area,True
normal_load,nursta_only,23,43200,7200,10,part2_spatial_crn_h10_n100,normal_load_nursta_only_seed_23,outputs/batch/part2_spatial_crn_h10_n100/normal_load/nursta_only/seed_23,care_area,True
normal_load,nursta_only,24,43200,7200,10,part2_spatial_crn_h10_n100,normal_load_nursta_only_seed_24,outputs/batch/part2_spatial_crn_h10_n100/normal_load/nursta_only/seed_24,care_area,True
normal_load,nursta_only,25,43200,7200,10,part2_spatial_crn_h10_n100,normal_load_nursta_only_seed_25,outputs/batch/part2_spatial_crn_h10_n100/normal_load/nursta_only/seed_25,care_area,True
normal_load,nursta_only,26,43200,7200,10,part2_spatial_crn_h10_n100,normal_load_nursta_only_seed_26,outputs/batch/part2_spatial_crn_h10_n100/normal_load/nursta_only/seed_26,care_area,True
normal_load,nursta_only,27,43200,7200,10,part2_spatial_crn_h10_n100,normal_load_nursta_only_seed_27,outputs/batch/part2_spatial_crn_h10_n100/normal_load/nursta_only/seed_27,care_area,True
normal_load,nursta_only,28,43200,7200,10,part2_spatial_crn_h10_n100,normal_load_nursta_only_seed_28,outputs/batch/part2_spatial_crn_h10_n100/normal_load/nursta_only/seed_28,care_area,True
normal_load,nursta_only,29,43200,7200,10,part2_spatial_crn_h10_n100,normal_load_nursta_only_seed_29,outputs/batch/part2_spatial_crn_h10_n100/normal_load/nursta_only/seed_29,care_area,True
normal_load,nursta_only,30,43200,7200,10,part2_spatial_crn_h10_n100,normal_load_nursta_only_seed_30,outputs/batch/part2_spatial_crn_h10_n100/normal_load/nursta_only/seed_30,care_area,True
normal_load,nursta_only,31,43200,7200,10,part2_spatial_crn_h10_n100,normal_load_nursta_only_seed_31,outputs/batch/part2_spatial_crn_h10_n100/normal_load/nursta_only/seed_31,care_area,True
normal_load,nursta_only,32,43200,7200,10,part2_spatial_crn_h10_n100,normal_load_nursta_only_seed_32,outputs/batch/part2_spatial_crn_h10_n100/normal_load/nursta_only/seed_32,care_area,True
normal_load,nursta_only,33,43200,7200,10,part2_spatial_crn_h10_n100,normal_load_nursta_only_seed_33,outputs/batch/part2_spatial_crn_h10_n100/normal_load/nursta_only/seed_33,care_area,True
normal_load,nursta_only,34,43200,7200,10,part2_spatial_crn_h10_n100,normal_load_nursta_only_seed_34,outputs/batch/part2_spatial_crn_h10_n100/normal_load/nursta_only/seed_34,care_area,True
normal_load,nursta_only,35,43200,7200,10,part2_spatial_crn_h10_n100,normal_load_nursta_only_seed_35,outputs/batch/part2_spatial_crn_h10_n100/normal_load/nursta_only/seed_35,care_area,True
normal_load,nursta_only,36,43200,7200,10,part2_spatial_crn_h10_n100,normal_load_nursta_only_seed_36,outputs/batch/part2_spatial_crn_h10_n100/normal_load/nursta_only/seed_36,care_area,True
normal_load,nursta_only,37,43200,7200,10,part2_spatial_crn_h10_n100,normal_load_nursta_only_seed_37,outputs/batch/part2_spatial_crn_h10_n100/normal_load/nursta_only/seed_37,care_area,True
normal_load,nursta_only,38,43200,7200,10,part2_spatial_crn_h10_n100,normal_load_nursta_only_seed_38,outputs/batch/part2_spatial_crn_h10_n100/normal_load/nursta_only/seed_38,care_area,True
normal_load,nursta_only,39,43200,7200,10,part2_spatial_crn_h10_n100,normal_load_nursta_only_seed_39,outputs/batch/part2_spatial_crn_h10_n100/normal_load/nursta_only/seed_39,care_area,True
normal_load,nursta_only,40,43200,7200,10,part2_spatial_crn_h10_n100,normal_load_nursta_only_seed_40,outputs/batch/part2_spatial_crn_h10_n100/normal_load/nursta_only/seed_40,care_area,True
normal_load,nursta_only,41,43200,7200,10,part2_spatial_crn_h10_n100,normal_load_nursta_only_seed_41,outputs/batch/part2_spatial_crn_h10_n100/normal_load/nursta_only/seed_41,care_area,True
normal_load,nursta_only,42,43200,7200,10,part2_spatial_crn_h10_n100,normal_load_nursta_only_seed_42,outputs/batch/part2_spatial_crn_h10_n100/normal_load/nursta_only/seed_42,care_area,True
normal_load,nursta_only,43,43200,7200,10,part2_spatial_crn_h10_n100,normal_load_nursta_only_seed_43,outputs/batch/part2_spatial_crn_h10_n100/normal_load/nursta_only/seed_43,care_area,True
normal_load,nursta_only,44,43200,7200,10,part2_spatial_crn_h10_n100,normal_load_nursta_only_seed_44,outputs/batch/part2_spatial_crn_h10_n100/normal_load/nursta_only/seed_44,care_area,True
normal_load,nursta_only,45,43200,7200,10,part2_spatial_crn_h10_n100,normal_load_nursta_only_seed_45,outputs/batch/part2_spatial_crn_h10_n100/normal_load/nursta_only/seed_45,care_area,True
normal_load,nursta_only,46,43200,7200,10,part2_spatial_crn_h10_n100,normal_load_nursta_only_seed_46,outputs/batch/part2_spatial_crn_h10_n100/normal_load/nursta_only/seed_46,care_area,True
normal_load,nursta_only,47,43200,7200,10,part2_spatial_crn_h10_n100,normal_load_nursta_only_seed_47,outputs/batch/part2_spatial_crn_h10_n100/normal_load/nursta_only/seed_47,care_area,True
normal_load,nursta_only,48,43200,7200,10,part2_spatial_crn_h10_n100,normal_load_nursta_only_seed_48,outputs/batch/part2_spatial_crn_h10_n100/normal_load/nursta_only/seed_48,care_area,True
normal_load,nursta_only,49,43200,7200,10,part2_spatial_crn_h10_n100,normal_load_nursta_only_seed_49,outputs/batch/part2_spatial_crn_h10_n100/normal_load/nursta_only/seed_49,care_area,True
normal_load,nursta_only,50,43200,7200,10,part2_spatial_crn_h10_n100,normal_load_nursta_only_seed_50,outputs/batch/part2_spatial_crn_h10_n100/normal_load/nursta_only/seed_50,care_area,True
normal_load,nursta_only,51,43200,7200,10,part2_spatial_crn_h10_n100,normal_load_nursta_only_seed_51,outputs/batch/part2_spatial_crn_h10_n100/normal_load/nursta_only/seed_51,care_area,True
normal_load,nursta_only,52,43200,7200,10,part2_spatial_crn_h10_n100,normal_load_nursta_only_seed_52,outputs/batch/part2_spatial_crn_h10_n100/normal_load/nursta_only/seed_52,care_area,True
normal_load,nursta_only,53,43200,7200,10,part2_spatial_crn_h10_n100,normal_load_nursta_only_seed_53,outputs/batch/part2_spatial_crn_h10_n100/normal_load/nursta_only/seed_53,care_area,True
normal_load,nursta_only,54,43200,7200,10,part2_spatial_crn_h10_n100,normal_load_nursta_only_seed_54,outputs/batch/part2_spatial_crn_h10_n100/normal_load/nursta_only/seed_54,care_area,True
normal_load,nursta_only,55,43200,7200,10,part2_spatial_crn_h10_n100,normal_load_nursta_only_seed_55,outputs/batch/part2_spatial_crn_h10_n100/normal_load/nursta_only/seed_55,care_area,True
normal_load,nursta_only,56,43200,7200,10,part2_spatial_crn_h10_n100,normal_load_nursta_only_seed_56,outputs/batch/part2_spatial_crn_h10_n100/normal_load/nursta_only/seed_56,care_area,True
normal_load,nursta_only,57,43200,7200,10,part2_spatial_crn_h10_n100,normal_load_nursta_only_seed_57,outputs/batch/part2_spatial_crn_h10_n100/normal_load/nursta_only/seed_57,care_area,True
normal_load,nursta_only,58,43200,7200,10,part2_spatial_crn_h10_n100,normal_load_nursta_only_seed_58,outputs/batch/part2_spatial_crn_h10_n100/normal_load/nursta_only/seed_58,care_area,True
normal_load,nursta_only,59,43200,7200,10,part2_spatial_crn_h10_n100,normal_load_nursta_only_seed_59,outputs/batch/part2_spatial_crn_h10_n100/normal_load/nursta_only/seed_59,care_area,True
normal_load,nursta_only,60,43200,7200,10,part2_spatial_crn_h10_n100,normal_load_nursta_only_seed_60,outputs/batch/part2_spatial_crn_h10_n100/normal_load/nursta_only/seed_60,care_area,True
normal_load,nursta_only,61,43200,7200,10,part2_spatial_crn_h10_n100,normal_load_nursta_only_seed_61,outputs/batch/part2_spatial_crn_h10_n100/normal_load/nursta_only/seed_61,care_area,True
normal_load,nursta_only,62,43200,7200,10,part2_spatial_crn_h10_n100,normal_load_nursta_only_seed_62,outputs/batch/part2_spatial_crn_h10_n100/normal_load/nursta_only/seed_62,care_area,True
normal_load,nursta_only,63,43200,7200,10,part2_spatial_crn_h10_n100,normal_load_nursta_only_seed_63,outputs/batch/part2_spatial_crn_h10_n100/normal_load/nursta_only/seed_63,care_area,True
normal_load,nursta_only,64,43200,7200,10,part2_spatial_crn_h10_n100,normal_load_nursta_only_seed_64,outputs/batch/part2_spatial_crn_h10_n100/normal_load/nursta_only/seed_64,care_area,True
normal_load,nursta_only,65,43200,7200,10,part2_spatial_crn_h10_n100,normal_load_nursta_only_seed_65,outputs/batch/part2_spatial_crn_h10_n100/normal_load/nursta_only/seed_65,care_area,True
normal_load,nursta_only,66,43200,7200,10,part2_spatial_crn_h10_n100,normal_load_nursta_only_seed_66,outputs/batch/part2_spatial_crn_h10_n100/normal_load/nursta_only/seed_66,care_area,True
normal_load,nursta_only,67,43200,7200,10,part2_spatial_crn_h10_n100,normal_load_nursta_only_seed_67,outputs/batch/part2_spatial_crn_h10_n100/normal_load/nursta_only/seed_67,care_area,True
normal_load,nursta_only,68,43200,7200,10,part2_spatial_crn_h10_n100,normal_load_nursta_only_seed_68,outputs/batch/part2_spatial_crn_h10_n100/normal_load/nursta_only/seed_68,care_area,True
normal_load,nursta_only,69,43200,7200,10,part2_spatial_crn_h10_n100,normal_load_nursta_only_seed_69,outputs/batch/part2_spatial_crn_h10_n100/normal_load/nursta_only/seed_69,care_area,True
normal_load,nursta_only,70,43200,7200,10,part2_spatial_crn_h10_n100,normal_load_nursta_only_seed_70,outputs/batch/part2_spatial_crn_h10_n100/normal_load/nursta_only/seed_70,care_area,True
normal_load,nursta_only,71,43200,7200,10,part2_spatial_crn_h10_n100,normal_load_nursta_only_seed_71,outputs/batch/part2_spatial_crn_h10_n100/normal_load/nursta_only/seed_71,care_area,True
normal_load,nursta_only,72,43200,7200,10,part2_spatial_crn_h10_n100,normal_load_nursta_only_seed_72,outputs/batch/part2_spatial_crn_h10_n100/normal_load/nursta_only/seed_72,care_area,True
normal_load,nursta_only,73,43200,7200,10,part2_spatial_crn_h10_n100,normal_load_nursta_only_seed_73,outputs/batch/part2_spatial_crn_h10_n100/normal_load/nursta_only/seed_73,care_area,True
normal_load,nursta_only,74,43200,7200,10,part2_spatial_crn_h10_n100,normal_load_nursta_only_seed_74,outputs/batch/part2_spatial_crn_h10_n100/normal_load/nursta_only/seed_74,care_area,True
normal_load,nursta_only,75,43200,7200,10,part2_spatial_crn_h10_n100,normal_load_nursta_only_seed_75,outputs/batch/part2_spatial_crn_h10_n100/normal_load/nursta_only/seed_75,care_area,True
normal_load,nursta_only,76,43200,7200,10,part2_spatial_crn_h10_n100,normal_load_nursta_only_seed_76,outputs/batch/part2_spatial_crn_h10_n100/normal_load/nursta_only/seed_76,care_area,True
normal_load,nursta_only,77,43200,7200,10,part2_spatial_crn_h10_n100,normal_load_nursta_only_seed_77,outputs/batch/part2_spatial_crn_h10_n100/normal_load/nursta_only/seed_77,care_area,True
normal_load,nursta_only,78,43200,7200,10,part2_spatial_crn_h10_n100,normal_load_nursta_only_seed_78,outputs/batch/part2_spatial_crn_h10_n100/normal_load/nursta_only/seed_78,care_area,True
normal_load,nursta_only,79,43200,7200,10,part2_spatial_crn_h10_n100,normal_load_nursta_only_seed_79,outputs/batch/part2_spatial_crn_h10_n100/normal_load/nursta_only/seed_79,care_area,True
normal_load,nursta_only,80,43200,7200,10,part2_spatial_crn_h10_n100,normal_load_nursta_only_seed_80,outputs/batch/part2_spatial_crn_h10_n100/normal_load/nursta_only/seed_80,care_area,True
normal_load,nursta_only,81,43200,7200,10,part2_spatial_crn_h10_n100,normal_load_nursta_only_seed_81,outputs/batch/part2_spatial_crn_h10_n100/normal_load/nursta_only/seed_81,care_area,True
normal_load,nursta_only,82,43200,7200,10,part2_spatial_crn_h10_n100,normal_load_nursta_only_seed_82,outputs/batch/part2_spatial_crn_h10_n100/normal_load/nursta_only/seed_82,care_area,True
normal_load,nursta_only,83,43200,7200,10,part2_spatial_crn_h10_n100,normal_load_nursta_only_seed_83,outputs/batch/part2_spatial_crn_h10_n100/normal_load/nursta_only/seed_83,care_area,True
normal_load,nursta_only,84,43200,7200,10,part2_spatial_crn_h10_n100,normal_load_nursta_only_seed_84,outputs/batch/part2_spatial_crn_h10_n100/normal_load/nursta_only/seed_84,care_area,True
normal_load,nursta_only,85,43200,7200,10,part2_spatial_crn_h10_n100,normal_load_nursta_only_seed_85,outputs/batch/part2_spatial_crn_h10_n100/normal_load/nursta_only/seed_85,care_area,True
normal_load,nursta_only,86,43200,7200,10,part2_spatial_crn_h10_n100,normal_load_nursta_only_seed_86,outputs/batch/part2_spatial_crn_h10_n100/normal_load/nursta_only/seed_86,care_area,True
normal_load,nursta_only,87,43200,7200,10,part2_spatial_crn_h10_n100,normal_load_nursta_only_seed_87,outputs/batch/part2_spatial_crn_h10_n100/normal_load/nursta_only/seed_87,care_area,True
normal_load,nursta_only,88,43200,7200,10,part2_spatial_crn_h10_n100,normal_load_nursta_only_seed_88,outputs/batch/part2_spatial_crn_h10_n100/normal_load/nursta_only/seed_88,care_area,True
normal_load,nursta_only,89,43200,7200,10,part2_spatial_crn_h10_n100,normal_load_nursta_only_seed_89,outputs/batch/part2_spatial_crn_h10_n100/normal_load/nursta_only/seed_89,care_area,True
normal_load,nursta_only,90,43200,7200,10,part2_spatial_crn_h10_n100,normal_load_nursta_only_seed_90,outputs/batch/part2_spatial_crn_h10_n100/normal_load/nursta_only/seed_90,care_area,True
normal_load,nursta_only,91,43200,7200,10,part2_spatial_crn_h10_n100,normal_load_nursta_only_seed_91,outputs/batch/part2_spatial_crn_h10_n100/normal_load/nursta_only/seed_91,care_area,True
normal_load,nursta_only,92,43200,7200,10,part2_spatial_crn_h10_n100,normal_load_nursta_only_seed_92,outputs/batch/part2_spatial_crn_h10_n100/normal_load/nursta_only/seed_92,care_area,True
normal_load,nursta_only,93,43200,7200,10,part2_spatial_crn_h10_n100,normal_load_nursta_only_seed_93,outputs/batch/part2_spatial_crn_h10_n100/normal_load/nursta_only/seed_93,care_area,True
normal_load,nursta_only,94,43200,7200,10,part2_spatial_crn_h10_n100,normal_load_nursta_only_seed_94,outputs/batch/part2_spatial_crn_h10_n100/normal_load/nursta_only/seed_94,care_area,True
normal_load,nursta_only,95,43200,7200,10,part2_spatial_crn_h10_n100,normal_load_nursta_only_seed_95,outputs/batch/part2_spatial_crn_h10_n100/normal_load/nursta_only/seed_95,care_area,True
normal_load,nursta_only,96,43200,7200,10,part2_spatial_crn_h10_n100,normal_load_nursta_only_seed_96,outputs/batch/part2_spatial_crn_h10_n100/normal_load/nursta_only/seed_96,care_area,True
normal_load,nursta_only,97,43200,7200,10,part2_spatial_crn_h10_n100,normal_load_nursta_only_seed_97,outputs/batch/part2_spatial_crn_h10_n100/normal_load/nursta_only/seed_97,care_area,True
normal_load,nursta_only,98,43200,7200,10,part2_spatial_crn_h10_n100,normal_load_nursta_only_seed_98,outputs/batch/part2_spatial_crn_h10_n100/normal_load/nursta_only/seed_98,care_area,True
normal_load,nursta_only,99,43200,7200,10,part2_spatial_crn_h10_n100,normal_load_nursta_only_seed_99,outputs/batch/part2_spatial_crn_h10_n100/normal_load/nursta_only/seed_99,care_area,True
normal_load,nursta_only,100,43200,7200,10,part2_spatial_crn_h10_n100,normal_load_nursta_only_seed_100,outputs/batch/part2_spatial_crn_h10_n100/normal_load/nursta_only/seed_100,care_area,True
normal_load,both,1,43200,7200,10,part2_spatial_crn_h10_n100,normal_load_both_seed_1,outputs/batch/part2_spatial_crn_h10_n100/normal_load/both/seed_1,care_area,True
normal_load,both,2,43200,7200,10,part2_spatial_crn_h10_n100,normal_load_both_seed_2,outputs/batch/part2_spatial_crn_h10_n100/normal_load/both/seed_2,care_area,True
normal_load,both,3,43200,7200,10,part2_spatial_crn_h10_n100,normal_load_both_seed_3,outputs/batch/part2_spatial_crn_h10_n100/normal_load/both/seed_3,care_area,True
normal_load,both,4,43200,7200,10,part2_spatial_crn_h10_n100,normal_load_both_seed_4,outputs/batch/part2_spatial_crn_h10_n100/normal_load/both/seed_4,care_area,True
normal_load,both,5,43200,7200,10,part2_spatial_crn_h10_n100,normal_load_both_seed_5,outputs/batch/part2_spatial_crn_h10_n100/normal_load/both/seed_5,care_area,True
normal_load,both,6,43200,7200,10,part2_spatial_crn_h10_n100,normal_load_both_seed_6,outputs/batch/part2_spatial_crn_h10_n100/normal_load/both/seed_6,care_area,True
normal_load,both,7,43200,7200,10,part2_spatial_crn_h10_n100,normal_load_both_seed_7,outputs/batch/part2_spatial_crn_h10_n100/normal_load/both/seed_7,care_area,True
normal_load,both,8,43200,7200,10,part2_spatial_crn_h10_n100,normal_load_both_seed_8,outputs/batch/part2_spatial_crn_h10_n100/normal_load/both/seed_8,care_area,True
normal_load,both,9,43200,7200,10,part2_spatial_crn_h10_n100,normal_load_both_seed_9,outputs/batch/part2_spatial_crn_h10_n100/normal_load/both/seed_9,care_area,True
normal_load,both,10,43200,7200,10,part2_spatial_crn_h10_n100,normal_load_both_seed_10,outputs/batch/part2_spatial_crn_h10_n100/normal_load/both/seed_10,care_area,True
normal_load,both,11,43200,7200,10,part2_spatial_crn_h10_n100,normal_load_both_seed_11,outputs/batch/part2_spatial_crn_h10_n100/normal_load/both/seed_11,care_area,True
normal_load,both,12,43200,7200,10,part2_spatial_crn_h10_n100,normal_load_both_seed_12,outputs/batch/part2_spatial_crn_h10_n100/normal_load/both/seed_12,care_area,True
normal_load,both,13,43200,7200,10,part2_spatial_crn_h10_n100,normal_load_both_seed_13,outputs/batch/part2_spatial_crn_h10_n100/normal_load/both/seed_13,care_area,True
normal_load,both,14,43200,7200,10,part2_spatial_crn_h10_n100,normal_load_both_seed_14,outputs/batch/part2_spatial_crn_h10_n100/normal_load/both/seed_14,care_area,True
normal_load,both,15,43200,7200,10,part2_spatial_crn_h10_n100,normal_load_both_seed_15,outputs/batch/part2_spatial_crn_h10_n100/normal_load/both/seed_15,care_area,True
normal_load,both,16,43200,7200,10,part2_spatial_crn_h10_n100,normal_load_both_seed_16,outputs/batch/part2_spatial_crn_h10_n100/normal_load/both/seed_16,care_area,True
normal_load,both,17,43200,7200,10,part2_spatial_crn_h10_n100,normal_load_both_seed_17,outputs/batch/part2_spatial_crn_h10_n100/normal_load/both/seed_17,care_area,True
normal_load,both,18,43200,7200,10,part2_spatial_crn_h10_n100,normal_load_both_seed_18,outputs/batch/part2_spatial_crn_h10_n100/normal_load/both/seed_18,care_area,True
normal_load,both,19,43200,7200,10,part2_spatial_crn_h10_n100,normal_load_both_seed_19,outputs/batch/part2_spatial_crn_h10_n100/normal_load/both/seed_19,care_area,True
normal_load,both,20,43200,7200,10,part2_spatial_crn_h10_n100,normal_load_both_seed_20,outputs/batch/part2_spatial_crn_h10_n100/normal_load/both/seed_20,care_area,True
normal_load,both,21,43200,7200,10,part2_spatial_crn_h10_n100,normal_load_both_seed_21,outputs/batch/part2_spatial_crn_h10_n100/normal_load/both/seed_21,care_area,True
normal_load,both,22,43200,7200,10,part2_spatial_crn_h10_n100,normal_load_both_seed_22,outputs/batch/part2_spatial_crn_h10_n100/normal_load/both/seed_22,care_area,True
normal_load,both,23,43200,7200,10,part2_spatial_crn_h10_n100,normal_load_both_seed_23,outputs/batch/part2_spatial_crn_h10_n100/normal_load/both/seed_23,care_area,True
normal_load,both,24,43200,7200,10,part2_spatial_crn_h10_n100,normal_load_both_seed_24,outputs/batch/part2_spatial_crn_h10_n100/normal_load/both/seed_24,care_area,True
normal_load,both,25,43200,7200,10,part2_spatial_crn_h10_n100,normal_load_both_seed_25,outputs/batch/part2_spatial_crn_h10_n100/normal_load/both/seed_25,care_area,True
normal_load,both,26,43200,7200,10,part2_spatial_crn_h10_n100,normal_load_both_seed_26,outputs/batch/part2_spatial_crn_h10_n100/normal_load/both/seed_26,care_area,True
normal_load,both,27,43200,7200,10,part2_spatial_crn_h10_n100,normal_load_both_seed_27,outputs/batch/part2_spatial_crn_h10_n100/normal_load/both/seed_27,care_area,True
normal_load,both,28,43200,7200,10,part2_spatial_crn_h10_n100,normal_load_both_seed_28,outputs/batch/part2_spatial_crn_h10_n100/normal_load/both/seed_28,care_area,True
normal_load,both,29,43200,7200,10,part2_spatial_crn_h10_n100,normal_load_both_seed_29,outputs/batch/part2_spatial_crn_h10_n100/normal_load/both/seed_29,care_area,True
normal_load,both,30,43200,7200,10,part2_spatial_crn_h10_n100,normal_load_both_seed_30,outputs/batch/part2_spatial_crn_h10_n100/normal_load/both/seed_30,care_area,True
normal_load,both,31,43200,7200,10,part2_spatial_crn_h10_n100,normal_load_both_seed_31,outputs/batch/part2_spatial_crn_h10_n100/normal_load/both/seed_31,care_area,True
normal_load,both,32,43200,7200,10,part2_spatial_crn_h10_n100,normal_load_both_seed_32,outputs/batch/part2_spatial_crn_h10_n100/normal_load/both/seed_32,care_area,True
normal_load,both,33,43200,7200,10,part2_spatial_crn_h10_n100,normal_load_both_seed_33,outputs/batch/part2_spatial_crn_h10_n100/normal_load/both/seed_33,care_area,True
normal_load,both,34,43200,7200,10,part2_spatial_crn_h10_n100,normal_load_both_seed_34,outputs/batch/part2_spatial_crn_h10_n100/normal_load/both/seed_34,care_area,True
normal_load,both,35,43200,7200,10,part2_spatial_crn_h10_n100,normal_load_both_seed_35,outputs/batch/part2_spatial_crn_h10_n100/normal_load/both/seed_35,care_area,True
normal_load,both,36,43200,7200,10,part2_spatial_crn_h10_n100,normal_load_both_seed_36,outputs/batch/part2_spatial_crn_h10_n100/normal_load/both/seed_36,care_area,True
normal_load,both,37,43200,7200,10,part2_spatial_crn_h10_n100,normal_load_both_seed_37,outputs/batch/part2_spatial_crn_h10_n100/normal_load/both/seed_37,care_area,True
normal_load,both,38,43200,7200,10,part2_spatial_crn_h10_n100,normal_load_both_seed_38,outputs/batch/part2_spatial_crn_h10_n100/normal_load/both/seed_38,care_area,True
normal_load,both,39,43200,7200,10,part2_spatial_crn_h10_n100,normal_load_both_seed_39,outputs/batch/part2_spatial_crn_h10_n100/normal_load/both/seed_39,care_area,True
normal_load,both,40,43200,7200,10,part2_spatial_crn_h10_n100,normal_load_both_seed_40,outputs/batch/part2_spatial_crn_h10_n100/normal_load/both/seed_40,care_area,True
normal_load,both,41,43200,7200,10,part2_spatial_crn_h10_n100,normal_load_both_seed_41,outputs/batch/part2_spatial_crn_h10_n100/normal_load/both/seed_41,care_area,True
normal_load,both,42,43200,7200,10,part2_spatial_crn_h10_n100,normal_load_both_seed_42,outputs/batch/part2_spatial_crn_h10_n100/normal_load/both/seed_42,care_area,True
normal_load,both,43,43200,7200,10,part2_spatial_crn_h10_n100,normal_load_both_seed_43,outputs/batch/part2_spatial_crn_h10_n100/normal_load/both/seed_43,care_area,True
normal_load,both,44,43200,7200,10,part2_spatial_crn_h10_n100,normal_load_both_seed_44,outputs/batch/part2_spatial_crn_h10_n100/normal_load/both/seed_44,care_area,True
normal_load,both,45,43200,7200,10,part2_spatial_crn_h10_n100,normal_load_both_seed_45,outputs/batch/part2_spatial_crn_h10_n100/normal_load/both/seed_45,care_area,True
normal_load,both,46,43200,7200,10,part2_spatial_crn_h10_n100,normal_load_both_seed_46,outputs/batch/part2_spatial_crn_h10_n100/normal_load/both/seed_46,care_area,True
normal_load,both,47,43200,7200,10,part2_spatial_crn_h10_n100,normal_load_both_seed_47,outputs/batch/part2_spatial_crn_h10_n100/normal_load/both/seed_47,care_area,True
normal_load,both,48,43200,7200,10,part2_spatial_crn_h10_n100,normal_load_both_seed_48,outputs/batch/part2_spatial_crn_h10_n100/normal_load/both/seed_48,care_area,True
normal_load,both,49,43200,7200,10,part2_spatial_crn_h10_n100,normal_load_both_seed_49,outputs/batch/part2_spatial_crn_h10_n100/normal_load/both/seed_49,care_area,True
normal_load,both,50,43200,7200,10,part2_spatial_crn_h10_n100,normal_load_both_seed_50,outputs/batch/part2_spatial_crn_h10_n100/normal_load/both/seed_50,care_area,True
normal_load,both,51,43200,7200,10,part2_spatial_crn_h10_n100,normal_load_both_seed_51,outputs/batch/part2_spatial_crn_h10_n100/normal_load/both/seed_51,care_area,True
normal_load,both,52,43200,7200,10,part2_spatial_crn_h10_n100,normal_load_both_seed_52,outputs/batch/part2_spatial_crn_h10_n100/normal_load/both/seed_52,care_area,True
normal_load,both,53,43200,7200,10,part2_spatial_crn_h10_n100,normal_load_both_seed_53,outputs/batch/part2_spatial_crn_h10_n100/normal_load/both/seed_53,care_area,True
normal_load,both,54,43200,7200,10,part2_spatial_crn_h10_n100,normal_load_both_seed_54,outputs/batch/part2_spatial_crn_h10_n100/normal_load/both/seed_54,care_area,True
normal_load,both,55,43200,7200,10,part2_spatial_crn_h10_n100,normal_load_both_seed_55,outputs/batch/part2_spatial_crn_h10_n100/normal_load/both/seed_55,care_area,True
normal_load,both,56,43200,7200,10,part2_spatial_crn_h10_n100,normal_load_both_seed_56,outputs/batch/part2_spatial_crn_h10_n100/normal_load/both/seed_56,care_area,True
normal_load,both,57,43200,7200,10,part2_spatial_crn_h10_n100,normal_load_both_seed_57,outputs/batch/part2_spatial_crn_h10_n100/normal_load/both/seed_57,care_area,True
normal_load,both,58,43200,7200,10,part2_spatial_crn_h10_n100,normal_load_both_seed_58,outputs/batch/part2_spatial_crn_h10_n100/normal_load/both/seed_58,care_area,True
normal_load,both,59,43200,7200,10,part2_spatial_crn_h10_n100,normal_load_both_seed_59,outputs/batch/part2_spatial_crn_h10_n100/normal_load/both/seed_59,care_area,True
normal_load,both,60,43200,7200,10,part2_spatial_crn_h10_n100,normal_load_both_seed_60,outputs/batch/part2_spatial_crn_h10_n100/normal_load/both/seed_60,care_area,True
normal_load,both,61,43200,7200,10,part2_spatial_crn_h10_n100,normal_load_both_seed_61,outputs/batch/part2_spatial_crn_h10_n100/normal_load/both/seed_61,care_area,True
normal_load,both,62,43200,7200,10,part2_spatial_crn_h10_n100,normal_load_both_seed_62,outputs/batch/part2_spatial_crn_h10_n100/normal_load/both/seed_62,care_area,True
normal_load,both,63,43200,7200,10,part2_spatial_crn_h10_n100,normal_load_both_seed_63,outputs/batch/part2_spatial_crn_h10_n100/normal_load/both/seed_63,care_area,True
normal_load,both,64,43200,7200,10,part2_spatial_crn_h10_n100,normal_load_both_seed_64,outputs/batch/part2_spatial_crn_h10_n100/normal_load/both/seed_64,care_area,True
normal_load,both,65,43200,7200,10,part2_spatial_crn_h10_n100,normal_load_both_seed_65,outputs/batch/part2_spatial_crn_h10_n100/normal_load/both/seed_65,care_area,True
normal_load,both,66,43200,7200,10,part2_spatial_crn_h10_n100,normal_load_both_seed_66,outputs/batch/part2_spatial_crn_h10_n100/normal_load/both/seed_66,care_area,True
normal_load,both,67,43200,7200,10,part2_spatial_crn_h10_n100,normal_load_both_seed_67,outputs/batch/part2_spatial_crn_h10_n100/normal_load/both/seed_67,care_area,True
normal_load,both,68,43200,7200,10,part2_spatial_crn_h10_n100,normal_load_both_seed_68,outputs/batch/part2_spatial_crn_h10_n100/normal_load/both/seed_68,care_area,True
normal_load,both,69,43200,7200,10,part2_spatial_crn_h10_n100,normal_load_both_seed_69,outputs/batch/part2_spatial_crn_h10_n100/normal_load/both/seed_69,care_area,True
normal_load,both,70,43200,7200,10,part2_spatial_crn_h10_n100,normal_load_both_seed_70,outputs/batch/part2_spatial_crn_h10_n100/normal_load/both/seed_70,care_area,True
normal_load,both,71,43200,7200,10,part2_spatial_crn_h10_n100,normal_load_both_seed_71,outputs/batch/part2_spatial_crn_h10_n100/normal_load/both/seed_71,care_area,True
normal_load,both,72,43200,7200,10,part2_spatial_crn_h10_n100,normal_load_both_seed_72,outputs/batch/part2_spatial_crn_h10_n100/normal_load/both/seed_72,care_area,True
normal_load,both,73,43200,7200,10,part2_spatial_crn_h10_n100,normal_load_both_seed_73,outputs/batch/part2_spatial_crn_h10_n100/normal_load/both/seed_73,care_area,True
normal_load,both,74,43200,7200,10,part2_spatial_crn_h10_n100,normal_load_both_seed_74,outputs/batch/part2_spatial_crn_h10_n100/normal_load/both/seed_74,care_area,True
normal_load,both,75,43200,7200,10,part2_spatial_crn_h10_n100,normal_load_both_seed_75,outputs/batch/part2_spatial_crn_h10_n100/normal_load/both/seed_75,care_area,True
normal_load,both,76,43200,7200,10,part2_spatial_crn_h10_n100,normal_load_both_seed_76,outputs/batch/part2_spatial_crn_h10_n100/normal_load/both/seed_76,care_area,True
normal_load,both,77,43200,7200,10,part2_spatial_crn_h10_n100,normal_load_both_seed_77,outputs/batch/part2_spatial_crn_h10_n100/normal_load/both/seed_77,care_area,True
normal_load,both,78,43200,7200,10,part2_spatial_crn_h10_n100,normal_load_both_seed_78,outputs/batch/part2_spatial_crn_h10_n100/normal_load/both/seed_78,care_area,True
normal_load,both,79,43200,7200,10,part2_spatial_crn_h10_n100,normal_load_both_seed_79,outputs/batch/part2_spatial_crn_h10_n100/normal_load/both/seed_79,care_area,True
normal_load,both,80,43200,7200,10,part2_spatial_crn_h10_n100,normal_load_both_seed_80,outputs/batch/part2_spatial_crn_h10_n100/normal_load/both/seed_80,care_area,True
normal_load,both,81,43200,7200,10,part2_spatial_crn_h10_n100,normal_load_both_seed_81,outputs/batch/part2_spatial_crn_h10_n100/normal_load/both/seed_81,care_area,True
normal_load,both,82,43200,7200,10,part2_spatial_crn_h10_n100,normal_load_both_seed_82,outputs/batch/part2_spatial_crn_h10_n100/normal_load/both/seed_82,care_area,True
normal_load,both,83,43200,7200,10,part2_spatial_crn_h10_n100,normal_load_both_seed_83,outputs/batch/part2_spatial_crn_h10_n100/normal_load/both/seed_83,care_area,True
normal_load,both,84,43200,7200,10,part2_spatial_crn_h10_n100,normal_load_both_seed_84,outputs/batch/part2_spatial_crn_h10_n100/normal_load/both/seed_84,care_area,True
normal_load,both,85,43200,7200,10,part2_spatial_crn_h10_n100,normal_load_both_seed_85,outputs/batch/part2_spatial_crn_h10_n100/normal_load/both/seed_85,care_area,True
normal_load,both,86,43200,7200,10,part2_spatial_crn_h10_n100,normal_load_both_seed_86,outputs/batch/part2_spatial_crn_h10_n100/normal_load/both/seed_86,care_area,True
normal_load,both,87,43200,7200,10,part2_spatial_crn_h10_n100,normal_load_both_seed_87,outputs/batch/part2_spatial_crn_h10_n100/normal_load/both/seed_87,care_area,True
normal_load,both,88,43200,7200,10,part2_spatial_crn_h10_n100,normal_load_both_seed_88,outputs/batch/part2_spatial_crn_h10_n100/normal_load/both/seed_88,care_area,True
normal_load,both,89,43200,7200,10,part2_spatial_crn_h10_n100,normal_load_both_seed_89,outputs/batch/part2_spatial_crn_h10_n100/normal_load/both/seed_89,care_area,True
normal_load,both,90,43200,7200,10,part2_spatial_crn_h10_n100,normal_load_both_seed_90,outputs/batch/part2_spatial_crn_h10_n100/normal_load/both/seed_90,care_area,True
normal_load,both,91,43200,7200,10,part2_spatial_crn_h10_n100,normal_load_both_seed_91,outputs/batch/part2_spatial_crn_h10_n100/normal_load/both/seed_91,care_area,True
normal_load,both,92,43200,7200,10,part2_spatial_crn_h10_n100,normal_load_both_seed_92,outputs/batch/part2_spatial_crn_h10_n100/normal_load/both/seed_92,care_area,True
normal_load,both,93,43200,7200,10,part2_spatial_crn_h10_n100,normal_load_both_seed_93,outputs/batch/part2_spatial_crn_h10_n100/normal_load/both/seed_93,care_area,True
normal_load,both,94,43200,7200,10,part2_spatial_crn_h10_n100,normal_load_both_seed_94,outputs/batch/part2_spatial_crn_h10_n100/normal_load/both/seed_94,care_area,True
normal_load,both,95,43200,7200,10,part2_spatial_crn_h10_n100,normal_load_both_seed_95,outputs/batch/part2_spatial_crn_h10_n100/normal_load/both/seed_95,care_area,True
normal_load,both,96,43200,7200,10,part2_spatial_crn_h10_n100,normal_load_both_seed_96,outputs/batch/part2_spatial_crn_h10_n100/normal_load/both/seed_96,care_area,True
normal_load,both,97,43200,7200,10,part2_spatial_crn_h10_n100,normal_load_both_seed_97,outputs/batch/part2_spatial_crn_h10_n100/normal_load/both/seed_97,care_area,True
normal_load,both,98,43200,7200,10,part2_spatial_crn_h10_n100,normal_load_both_seed_98,outputs/batch/part2_spatial_crn_h10_n100/normal_load/both/seed_98,care_area,True
normal_load,both,99,43200,7200,10,part2_spatial_crn_h10_n100,normal_load_both_seed_99,outputs/batch/part2_spatial_crn_h10_n100/normal_load/both/seed_99,care_area,True
normal_load,both,100,43200,7200,10,part2_spatial_crn_h10_n100,normal_load_both_seed_100,outputs/batch/part2_spatial_crn_h10_n100/normal_load/both/seed_100,care_area,True
high_load_high_acuity,baseline,1,43200,7200,10,part2_spatial_crn_h10_n100,high_load_baseline_seed_1,outputs/batch/part2_spatial_crn_h10_n100/high_load/baseline/seed_1,care_area,True
high_load_high_acuity,baseline,2,43200,7200,10,part2_spatial_crn_h10_n100,high_load_baseline_seed_2,outputs/batch/part2_spatial_crn_h10_n100/high_load/baseline/seed_2,care_area,True
high_load_high_acuity,baseline,3,43200,7200,10,part2_spatial_crn_h10_n100,high_load_baseline_seed_3,outputs/batch/part2_spatial_crn_h10_n100/high_load/baseline/seed_3,care_area,True
high_load_high_acuity,baseline,4,43200,7200,10,part2_spatial_crn_h10_n100,high_load_baseline_seed_4,outputs/batch/part2_spatial_crn_h10_n100/high_load/baseline/seed_4,care_area,True
high_load_high_acuity,baseline,5,43200,7200,10,part2_spatial_crn_h10_n100,high_load_baseline_seed_5,outputs/batch/part2_spatial_crn_h10_n100/high_load/baseline/seed_5,care_area,True
high_load_high_acuity,baseline,6,43200,7200,10,part2_spatial_crn_h10_n100,high_load_baseline_seed_6,outputs/batch/part2_spatial_crn_h10_n100/high_load/baseline/seed_6,care_area,True
high_load_high_acuity,baseline,7,43200,7200,10,part2_spatial_crn_h10_n100,high_load_baseline_seed_7,outputs/batch/part2_spatial_crn_h10_n100/high_load/baseline/seed_7,care_area,True
high_load_high_acuity,baseline,8,43200,7200,10,part2_spatial_crn_h10_n100,high_load_baseline_seed_8,outputs/batch/part2_spatial_crn_h10_n100/high_load/baseline/seed_8,care_area,True
high_load_high_acuity,baseline,9,43200,7200,10,part2_spatial_crn_h10_n100,high_load_baseline_seed_9,outputs/batch/part2_spatial_crn_h10_n100/high_load/baseline/seed_9,care_area,True
high_load_high_acuity,baseline,10,43200,7200,10,part2_spatial_crn_h10_n100,high_load_baseline_seed_10,outputs/batch/part2_spatial_crn_h10_n100/high_load/baseline/seed_10,care_area,True
high_load_high_acuity,baseline,11,43200,7200,10,part2_spatial_crn_h10_n100,high_load_baseline_seed_11,outputs/batch/part2_spatial_crn_h10_n100/high_load/baseline/seed_11,care_area,True
high_load_high_acuity,baseline,12,43200,7200,10,part2_spatial_crn_h10_n100,high_load_baseline_seed_12,outputs/batch/part2_spatial_crn_h10_n100/high_load/baseline/seed_12,care_area,True
high_load_high_acuity,baseline,13,43200,7200,10,part2_spatial_crn_h10_n100,high_load_baseline_seed_13,outputs/batch/part2_spatial_crn_h10_n100/high_load/baseline/seed_13,care_area,True
high_load_high_acuity,baseline,14,43200,7200,10,part2_spatial_crn_h10_n100,high_load_baseline_seed_14,outputs/batch/part2_spatial_crn_h10_n100/high_load/baseline/seed_14,care_area,True
high_load_high_acuity,baseline,15,43200,7200,10,part2_spatial_crn_h10_n100,high_load_baseline_seed_15,outputs/batch/part2_spatial_crn_h10_n100/high_load/baseline/seed_15,care_area,True
high_load_high_acuity,baseline,16,43200,7200,10,part2_spatial_crn_h10_n100,high_load_baseline_seed_16,outputs/batch/part2_spatial_crn_h10_n100/high_load/baseline/seed_16,care_area,True
high_load_high_acuity,baseline,17,43200,7200,10,part2_spatial_crn_h10_n100,high_load_baseline_seed_17,outputs/batch/part2_spatial_crn_h10_n100/high_load/baseline/seed_17,care_area,True
high_load_high_acuity,baseline,18,43200,7200,10,part2_spatial_crn_h10_n100,high_load_baseline_seed_18,outputs/batch/part2_spatial_crn_h10_n100/high_load/baseline/seed_18,care_area,True
high_load_high_acuity,baseline,19,43200,7200,10,part2_spatial_crn_h10_n100,high_load_baseline_seed_19,outputs/batch/part2_spatial_crn_h10_n100/high_load/baseline/seed_19,care_area,True
high_load_high_acuity,baseline,20,43200,7200,10,part2_spatial_crn_h10_n100,high_load_baseline_seed_20,outputs/batch/part2_spatial_crn_h10_n100/high_load/baseline/seed_20,care_area,True
high_load_high_acuity,baseline,21,43200,7200,10,part2_spatial_crn_h10_n100,high_load_baseline_seed_21,outputs/batch/part2_spatial_crn_h10_n100/high_load/baseline/seed_21,care_area,True
high_load_high_acuity,baseline,22,43200,7200,10,part2_spatial_crn_h10_n100,high_load_baseline_seed_22,outputs/batch/part2_spatial_crn_h10_n100/high_load/baseline/seed_22,care_area,True
high_load_high_acuity,baseline,23,43200,7200,10,part2_spatial_crn_h10_n100,high_load_baseline_seed_23,outputs/batch/part2_spatial_crn_h10_n100/high_load/baseline/seed_23,care_area,True
high_load_high_acuity,baseline,24,43200,7200,10,part2_spatial_crn_h10_n100,high_load_baseline_seed_24,outputs/batch/part2_spatial_crn_h10_n100/high_load/baseline/seed_24,care_area,True
high_load_high_acuity,baseline,25,43200,7200,10,part2_spatial_crn_h10_n100,high_load_baseline_seed_25,outputs/batch/part2_spatial_crn_h10_n100/high_load/baseline/seed_25,care_area,True
high_load_high_acuity,baseline,26,43200,7200,10,part2_spatial_crn_h10_n100,high_load_baseline_seed_26,outputs/batch/part2_spatial_crn_h10_n100/high_load/baseline/seed_26,care_area,True
high_load_high_acuity,baseline,27,43200,7200,10,part2_spatial_crn_h10_n100,high_load_baseline_seed_27,outputs/batch/part2_spatial_crn_h10_n100/high_load/baseline/seed_27,care_area,True
high_load_high_acuity,baseline,28,43200,7200,10,part2_spatial_crn_h10_n100,high_load_baseline_seed_28,outputs/batch/part2_spatial_crn_h10_n100/high_load/baseline/seed_28,care_area,True
high_load_high_acuity,baseline,29,43200,7200,10,part2_spatial_crn_h10_n100,high_load_baseline_seed_29,outputs/batch/part2_spatial_crn_h10_n100/high_load/baseline/seed_29,care_area,True
high_load_high_acuity,baseline,30,43200,7200,10,part2_spatial_crn_h10_n100,high_load_baseline_seed_30,outputs/batch/part2_spatial_crn_h10_n100/high_load/baseline/seed_30,care_area,True
high_load_high_acuity,baseline,31,43200,7200,10,part2_spatial_crn_h10_n100,high_load_baseline_seed_31,outputs/batch/part2_spatial_crn_h10_n100/high_load/baseline/seed_31,care_area,True
high_load_high_acuity,baseline,32,43200,7200,10,part2_spatial_crn_h10_n100,high_load_baseline_seed_32,outputs/batch/part2_spatial_crn_h10_n100/high_load/baseline/seed_32,care_area,True
high_load_high_acuity,baseline,33,43200,7200,10,part2_spatial_crn_h10_n100,high_load_baseline_seed_33,outputs/batch/part2_spatial_crn_h10_n100/high_load/baseline/seed_33,care_area,True
high_load_high_acuity,baseline,34,43200,7200,10,part2_spatial_crn_h10_n100,high_load_baseline_seed_34,outputs/batch/part2_spatial_crn_h10_n100/high_load/baseline/seed_34,care_area,True
high_load_high_acuity,baseline,35,43200,7200,10,part2_spatial_crn_h10_n100,high_load_baseline_seed_35,outputs/batch/part2_spatial_crn_h10_n100/high_load/baseline/seed_35,care_area,True
high_load_high_acuity,baseline,36,43200,7200,10,part2_spatial_crn_h10_n100,high_load_baseline_seed_36,outputs/batch/part2_spatial_crn_h10_n100/high_load/baseline/seed_36,care_area,True
high_load_high_acuity,baseline,37,43200,7200,10,part2_spatial_crn_h10_n100,high_load_baseline_seed_37,outputs/batch/part2_spatial_crn_h10_n100/high_load/baseline/seed_37,care_area,True
high_load_high_acuity,baseline,38,43200,7200,10,part2_spatial_crn_h10_n100,high_load_baseline_seed_38,outputs/batch/part2_spatial_crn_h10_n100/high_load/baseline/seed_38,care_area,True
high_load_high_acuity,baseline,39,43200,7200,10,part2_spatial_crn_h10_n100,high_load_baseline_seed_39,outputs/batch/part2_spatial_crn_h10_n100/high_load/baseline/seed_39,care_area,True
high_load_high_acuity,baseline,40,43200,7200,10,part2_spatial_crn_h10_n100,high_load_baseline_seed_40,outputs/batch/part2_spatial_crn_h10_n100/high_load/baseline/seed_40,care_area,True
high_load_high_acuity,baseline,41,43200,7200,10,part2_spatial_crn_h10_n100,high_load_baseline_seed_41,outputs/batch/part2_spatial_crn_h10_n100/high_load/baseline/seed_41,care_area,True
high_load_high_acuity,baseline,42,43200,7200,10,part2_spatial_crn_h10_n100,high_load_baseline_seed_42,outputs/batch/part2_spatial_crn_h10_n100/high_load/baseline/seed_42,care_area,True
high_load_high_acuity,baseline,43,43200,7200,10,part2_spatial_crn_h10_n100,high_load_baseline_seed_43,outputs/batch/part2_spatial_crn_h10_n100/high_load/baseline/seed_43,care_area,True
high_load_high_acuity,baseline,44,43200,7200,10,part2_spatial_crn_h10_n100,high_load_baseline_seed_44,outputs/batch/part2_spatial_crn_h10_n100/high_load/baseline/seed_44,care_area,True
high_load_high_acuity,baseline,45,43200,7200,10,part2_spatial_crn_h10_n100,high_load_baseline_seed_45,outputs/batch/part2_spatial_crn_h10_n100/high_load/baseline/seed_45,care_area,True
high_load_high_acuity,baseline,46,43200,7200,10,part2_spatial_crn_h10_n100,high_load_baseline_seed_46,outputs/batch/part2_spatial_crn_h10_n100/high_load/baseline/seed_46,care_area,True
high_load_high_acuity,baseline,47,43200,7200,10,part2_spatial_crn_h10_n100,high_load_baseline_seed_47,outputs/batch/part2_spatial_crn_h10_n100/high_load/baseline/seed_47,care_area,True
high_load_high_acuity,baseline,48,43200,7200,10,part2_spatial_crn_h10_n100,high_load_baseline_seed_48,outputs/batch/part2_spatial_crn_h10_n100/high_load/baseline/seed_48,care_area,True
high_load_high_acuity,baseline,49,43200,7200,10,part2_spatial_crn_h10_n100,high_load_baseline_seed_49,outputs/batch/part2_spatial_crn_h10_n100/high_load/baseline/seed_49,care_area,True
high_load_high_acuity,baseline,50,43200,7200,10,part2_spatial_crn_h10_n100,high_load_baseline_seed_50,outputs/batch/part2_spatial_crn_h10_n100/high_load/baseline/seed_50,care_area,True
high_load_high_acuity,baseline,51,43200,7200,10,part2_spatial_crn_h10_n100,high_load_baseline_seed_51,outputs/batch/part2_spatial_crn_h10_n100/high_load/baseline/seed_51,care_area,True
high_load_high_acuity,baseline,52,43200,7200,10,part2_spatial_crn_h10_n100,high_load_baseline_seed_52,outputs/batch/part2_spatial_crn_h10_n100/high_load/baseline/seed_52,care_area,True
high_load_high_acuity,baseline,53,43200,7200,10,part2_spatial_crn_h10_n100,high_load_baseline_seed_53,outputs/batch/part2_spatial_crn_h10_n100/high_load/baseline/seed_53,care_area,True
high_load_high_acuity,baseline,54,43200,7200,10,part2_spatial_crn_h10_n100,high_load_baseline_seed_54,outputs/batch/part2_spatial_crn_h10_n100/high_load/baseline/seed_54,care_area,True
high_load_high_acuity,baseline,55,43200,7200,10,part2_spatial_crn_h10_n100,high_load_baseline_seed_55,outputs/batch/part2_spatial_crn_h10_n100/high_load/baseline/seed_55,care_area,True
high_load_high_acuity,baseline,56,43200,7200,10,part2_spatial_crn_h10_n100,high_load_baseline_seed_56,outputs/batch/part2_spatial_crn_h10_n100/high_load/baseline/seed_56,care_area,True
high_load_high_acuity,baseline,57,43200,7200,10,part2_spatial_crn_h10_n100,high_load_baseline_seed_57,outputs/batch/part2_spatial_crn_h10_n100/high_load/baseline/seed_57,care_area,True
high_load_high_acuity,baseline,58,43200,7200,10,part2_spatial_crn_h10_n100,high_load_baseline_seed_58,outputs/batch/part2_spatial_crn_h10_n100/high_load/baseline/seed_58,care_area,True
high_load_high_acuity,baseline,59,43200,7200,10,part2_spatial_crn_h10_n100,high_load_baseline_seed_59,outputs/batch/part2_spatial_crn_h10_n100/high_load/baseline/seed_59,care_area,True
high_load_high_acuity,baseline,60,43200,7200,10,part2_spatial_crn_h10_n100,high_load_baseline_seed_60,outputs/batch/part2_spatial_crn_h10_n100/high_load/baseline/seed_60,care_area,True
high_load_high_acuity,baseline,61,43200,7200,10,part2_spatial_crn_h10_n100,high_load_baseline_seed_61,outputs/batch/part2_spatial_crn_h10_n100/high_load/baseline/seed_61,care_area,True
high_load_high_acuity,baseline,62,43200,7200,10,part2_spatial_crn_h10_n100,high_load_baseline_seed_62,outputs/batch/part2_spatial_crn_h10_n100/high_load/baseline/seed_62,care_area,True
high_load_high_acuity,baseline,63,43200,7200,10,part2_spatial_crn_h10_n100,high_load_baseline_seed_63,outputs/batch/part2_spatial_crn_h10_n100/high_load/baseline/seed_63,care_area,True
high_load_high_acuity,baseline,64,43200,7200,10,part2_spatial_crn_h10_n100,high_load_baseline_seed_64,outputs/batch/part2_spatial_crn_h10_n100/high_load/baseline/seed_64,care_area,True
high_load_high_acuity,baseline,65,43200,7200,10,part2_spatial_crn_h10_n100,high_load_baseline_seed_65,outputs/batch/part2_spatial_crn_h10_n100/high_load/baseline/seed_65,care_area,True
high_load_high_acuity,baseline,66,43200,7200,10,part2_spatial_crn_h10_n100,high_load_baseline_seed_66,outputs/batch/part2_spatial_crn_h10_n100/high_load/baseline/seed_66,care_area,True
high_load_high_acuity,baseline,67,43200,7200,10,part2_spatial_crn_h10_n100,high_load_baseline_seed_67,outputs/batch/part2_spatial_crn_h10_n100/high_load/baseline/seed_67,care_area,True
high_load_high_acuity,baseline,68,43200,7200,10,part2_spatial_crn_h10_n100,high_load_baseline_seed_68,outputs/batch/part2_spatial_crn_h10_n100/high_load/baseline/seed_68,care_area,True
high_load_high_acuity,baseline,69,43200,7200,10,part2_spatial_crn_h10_n100,high_load_baseline_seed_69,outputs/batch/part2_spatial_crn_h10_n100/high_load/baseline/seed_69,care_area,True
high_load_high_acuity,baseline,70,43200,7200,10,part2_spatial_crn_h10_n100,high_load_baseline_seed_70,outputs/batch/part2_spatial_crn_h10_n100/high_load/baseline/seed_70,care_area,True
high_load_high_acuity,baseline,71,43200,7200,10,part2_spatial_crn_h10_n100,high_load_baseline_seed_71,outputs/batch/part2_spatial_crn_h10_n100/high_load/baseline/seed_71,care_area,True
high_load_high_acuity,baseline,72,43200,7200,10,part2_spatial_crn_h10_n100,high_load_baseline_seed_72,outputs/batch/part2_spatial_crn_h10_n100/high_load/baseline/seed_72,care_area,True
high_load_high_acuity,baseline,73,43200,7200,10,part2_spatial_crn_h10_n100,high_load_baseline_seed_73,outputs/batch/part2_spatial_crn_h10_n100/high_load/baseline/seed_73,care_area,True
high_load_high_acuity,baseline,74,43200,7200,10,part2_spatial_crn_h10_n100,high_load_baseline_seed_74,outputs/batch/part2_spatial_crn_h10_n100/high_load/baseline/seed_74,care_area,True
high_load_high_acuity,baseline,75,43200,7200,10,part2_spatial_crn_h10_n100,high_load_baseline_seed_75,outputs/batch/part2_spatial_crn_h10_n100/high_load/baseline/seed_75,care_area,True
high_load_high_acuity,baseline,76,43200,7200,10,part2_spatial_crn_h10_n100,high_load_baseline_seed_76,outputs/batch/part2_spatial_crn_h10_n100/high_load/baseline/seed_76,care_area,True
high_load_high_acuity,baseline,77,43200,7200,10,part2_spatial_crn_h10_n100,high_load_baseline_seed_77,outputs/batch/part2_spatial_crn_h10_n100/high_load/baseline/seed_77,care_area,True
high_load_high_acuity,baseline,78,43200,7200,10,part2_spatial_crn_h10_n100,high_load_baseline_seed_78,outputs/batch/part2_spatial_crn_h10_n100/high_load/baseline/seed_78,care_area,True
high_load_high_acuity,baseline,79,43200,7200,10,part2_spatial_crn_h10_n100,high_load_baseline_seed_79,outputs/batch/part2_spatial_crn_h10_n100/high_load/baseline/seed_79,care_area,True
high_load_high_acuity,baseline,80,43200,7200,10,part2_spatial_crn_h10_n100,high_load_baseline_seed_80,outputs/batch/part2_spatial_crn_h10_n100/high_load/baseline/seed_80,care_area,True
high_load_high_acuity,baseline,81,43200,7200,10,part2_spatial_crn_h10_n100,high_load_baseline_seed_81,outputs/batch/part2_spatial_crn_h10_n100/high_load/baseline/seed_81,care_area,True
high_load_high_acuity,baseline,82,43200,7200,10,part2_spatial_crn_h10_n100,high_load_baseline_seed_82,outputs/batch/part2_spatial_crn_h10_n100/high_load/baseline/seed_82,care_area,True
high_load_high_acuity,baseline,83,43200,7200,10,part2_spatial_crn_h10_n100,high_load_baseline_seed_83,outputs/batch/part2_spatial_crn_h10_n100/high_load/baseline/seed_83,care_area,True
high_load_high_acuity,baseline,84,43200,7200,10,part2_spatial_crn_h10_n100,high_load_baseline_seed_84,outputs/batch/part2_spatial_crn_h10_n100/high_load/baseline/seed_84,care_area,True
high_load_high_acuity,baseline,85,43200,7200,10,part2_spatial_crn_h10_n100,high_load_baseline_seed_85,outputs/batch/part2_spatial_crn_h10_n100/high_load/baseline/seed_85,care_area,True
high_load_high_acuity,baseline,86,43200,7200,10,part2_spatial_crn_h10_n100,high_load_baseline_seed_86,outputs/batch/part2_spatial_crn_h10_n100/high_load/baseline/seed_86,care_area,True
high_load_high_acuity,baseline,87,43200,7200,10,part2_spatial_crn_h10_n100,high_load_baseline_seed_87,outputs/batch/part2_spatial_crn_h10_n100/high_load/baseline/seed_87,care_area,True
high_load_high_acuity,baseline,88,43200,7200,10,part2_spatial_crn_h10_n100,high_load_baseline_seed_88,outputs/batch/part2_spatial_crn_h10_n100/high_load/baseline/seed_88,care_area,True
high_load_high_acuity,baseline,89,43200,7200,10,part2_spatial_crn_h10_n100,high_load_baseline_seed_89,outputs/batch/part2_spatial_crn_h10_n100/high_load/baseline/seed_89,care_area,True
high_load_high_acuity,baseline,90,43200,7200,10,part2_spatial_crn_h10_n100,high_load_baseline_seed_90,outputs/batch/part2_spatial_crn_h10_n100/high_load/baseline/seed_90,care_area,True
high_load_high_acuity,baseline,91,43200,7200,10,part2_spatial_crn_h10_n100,high_load_baseline_seed_91,outputs/batch/part2_spatial_crn_h10_n100/high_load/baseline/seed_91,care_area,True
high_load_high_acuity,baseline,92,43200,7200,10,part2_spatial_crn_h10_n100,high_load_baseline_seed_92,outputs/batch/part2_spatial_crn_h10_n100/high_load/baseline/seed_92,care_area,True
high_load_high_acuity,baseline,93,43200,7200,10,part2_spatial_crn_h10_n100,high_load_baseline_seed_93,outputs/batch/part2_spatial_crn_h10_n100/high_load/baseline/seed_93,care_area,True
high_load_high_acuity,baseline,94,43200,7200,10,part2_spatial_crn_h10_n100,high_load_baseline_seed_94,outputs/batch/part2_spatial_crn_h10_n100/high_load/baseline/seed_94,care_area,True
high_load_high_acuity,baseline,95,43200,7200,10,part2_spatial_crn_h10_n100,high_load_baseline_seed_95,outputs/batch/part2_spatial_crn_h10_n100/high_load/baseline/seed_95,care_area,True
high_load_high_acuity,baseline,96,43200,7200,10,part2_spatial_crn_h10_n100,high_load_baseline_seed_96,outputs/batch/part2_spatial_crn_h10_n100/high_load/baseline/seed_96,care_area,True
high_load_high_acuity,baseline,97,43200,7200,10,part2_spatial_crn_h10_n100,high_load_baseline_seed_97,outputs/batch/part2_spatial_crn_h10_n100/high_load/baseline/seed_97,care_area,True
high_load_high_acuity,baseline,98,43200,7200,10,part2_spatial_crn_h10_n100,high_load_baseline_seed_98,outputs/batch/part2_spatial_crn_h10_n100/high_load/baseline/seed_98,care_area,True
high_load_high_acuity,baseline,99,43200,7200,10,part2_spatial_crn_h10_n100,high_load_baseline_seed_99,outputs/batch/part2_spatial_crn_h10_n100/high_load/baseline/seed_99,care_area,True
high_load_high_acuity,baseline,100,43200,7200,10,part2_spatial_crn_h10_n100,high_load_baseline_seed_100,outputs/batch/part2_spatial_crn_h10_n100/high_load/baseline/seed_100,care_area,True
high_load_high_acuity,cockpit_only,1,43200,7200,10,part2_spatial_crn_h10_n100,high_load_cockpit_only_seed_1,outputs/batch/part2_spatial_crn_h10_n100/high_load/cockpit_only/seed_1,care_area,True
high_load_high_acuity,cockpit_only,2,43200,7200,10,part2_spatial_crn_h10_n100,high_load_cockpit_only_seed_2,outputs/batch/part2_spatial_crn_h10_n100/high_load/cockpit_only/seed_2,care_area,True
high_load_high_acuity,cockpit_only,3,43200,7200,10,part2_spatial_crn_h10_n100,high_load_cockpit_only_seed_3,outputs/batch/part2_spatial_crn_h10_n100/high_load/cockpit_only/seed_3,care_area,True
high_load_high_acuity,cockpit_only,4,43200,7200,10,part2_spatial_crn_h10_n100,high_load_cockpit_only_seed_4,outputs/batch/part2_spatial_crn_h10_n100/high_load/cockpit_only/seed_4,care_area,True
high_load_high_acuity,cockpit_only,5,43200,7200,10,part2_spatial_crn_h10_n100,high_load_cockpit_only_seed_5,outputs/batch/part2_spatial_crn_h10_n100/high_load/cockpit_only/seed_5,care_area,True
high_load_high_acuity,cockpit_only,6,43200,7200,10,part2_spatial_crn_h10_n100,high_load_cockpit_only_seed_6,outputs/batch/part2_spatial_crn_h10_n100/high_load/cockpit_only/seed_6,care_area,True
high_load_high_acuity,cockpit_only,7,43200,7200,10,part2_spatial_crn_h10_n100,high_load_cockpit_only_seed_7,outputs/batch/part2_spatial_crn_h10_n100/high_load/cockpit_only/seed_7,care_area,True
high_load_high_acuity,cockpit_only,8,43200,7200,10,part2_spatial_crn_h10_n100,high_load_cockpit_only_seed_8,outputs/batch/part2_spatial_crn_h10_n100/high_load/cockpit_only/seed_8,care_area,True
high_load_high_acuity,cockpit_only,9,43200,7200,10,part2_spatial_crn_h10_n100,high_load_cockpit_only_seed_9,outputs/batch/part2_spatial_crn_h10_n100/high_load/cockpit_only/seed_9,care_area,True
high_load_high_acuity,cockpit_only,10,43200,7200,10,part2_spatial_crn_h10_n100,high_load_cockpit_only_seed_10,outputs/batch/part2_spatial_crn_h10_n100/high_load/cockpit_only/seed_10,care_area,True
high_load_high_acuity,cockpit_only,11,43200,7200,10,part2_spatial_crn_h10_n100,high_load_cockpit_only_seed_11,outputs/batch/part2_spatial_crn_h10_n100/high_load/cockpit_only/seed_11,care_area,True
high_load_high_acuity,cockpit_only,12,43200,7200,10,part2_spatial_crn_h10_n100,high_load_cockpit_only_seed_12,outputs/batch/part2_spatial_crn_h10_n100/high_load/cockpit_only/seed_12,care_area,True
high_load_high_acuity,cockpit_only,13,43200,7200,10,part2_spatial_crn_h10_n100,high_load_cockpit_only_seed_13,outputs/batch/part2_spatial_crn_h10_n100/high_load/cockpit_only/seed_13,care_area,True
high_load_high_acuity,cockpit_only,14,43200,7200,10,part2_spatial_crn_h10_n100,high_load_cockpit_only_seed_14,outputs/batch/part2_spatial_crn_h10_n100/high_load/cockpit_only/seed_14,care_area,True
high_load_high_acuity,cockpit_only,15,43200,7200,10,part2_spatial_crn_h10_n100,high_load_cockpit_only_seed_15,outputs/batch/part2_spatial_crn_h10_n100/high_load/cockpit_only/seed_15,care_area,True
high_load_high_acuity,cockpit_only,16,43200,7200,10,part2_spatial_crn_h10_n100,high_load_cockpit_only_seed_16,outputs/batch/part2_spatial_crn_h10_n100/high_load/cockpit_only/seed_16,care_area,True
high_load_high_acuity,cockpit_only,17,43200,7200,10,part2_spatial_crn_h10_n100,high_load_cockpit_only_seed_17,outputs/batch/part2_spatial_crn_h10_n100/high_load/cockpit_only/seed_17,care_area,True
high_load_high_acuity,cockpit_only,18,43200,7200,10,part2_spatial_crn_h10_n100,high_load_cockpit_only_seed_18,outputs/batch/part2_spatial_crn_h10_n100/high_load/cockpit_only/seed_18,care_area,True
high_load_high_acuity,cockpit_only,19,43200,7200,10,part2_spatial_crn_h10_n100,high_load_cockpit_only_seed_19,outputs/batch/part2_spatial_crn_h10_n100/high_load/cockpit_only/seed_19,care_area,True
high_load_high_acuity,cockpit_only,20,43200,7200,10,part2_spatial_crn_h10_n100,high_load_cockpit_only_seed_20,outputs/batch/part2_spatial_crn_h10_n100/high_load/cockpit_only/seed_20,care_area,True
high_load_high_acuity,cockpit_only,21,43200,7200,10,part2_spatial_crn_h10_n100,high_load_cockpit_only_seed_21,outputs/batch/part2_spatial_crn_h10_n100/high_load/cockpit_only/seed_21,care_area,True
high_load_high_acuity,cockpit_only,22,43200,7200,10,part2_spatial_crn_h10_n100,high_load_cockpit_only_seed_22,outputs/batch/part2_spatial_crn_h10_n100/high_load/cockpit_only/seed_22,care_area,True
high_load_high_acuity,cockpit_only,23,43200,7200,10,part2_spatial_crn_h10_n100,high_load_cockpit_only_seed_23,outputs/batch/part2_spatial_crn_h10_n100/high_load/cockpit_only/seed_23,care_area,True
high_load_high_acuity,cockpit_only,24,43200,7200,10,part2_spatial_crn_h10_n100,high_load_cockpit_only_seed_24,outputs/batch/part2_spatial_crn_h10_n100/high_load/cockpit_only/seed_24,care_area,True
high_load_high_acuity,cockpit_only,25,43200,7200,10,part2_spatial_crn_h10_n100,high_load_cockpit_only_seed_25,outputs/batch/part2_spatial_crn_h10_n100/high_load/cockpit_only/seed_25,care_area,True
high_load_high_acuity,cockpit_only,26,43200,7200,10,part2_spatial_crn_h10_n100,high_load_cockpit_only_seed_26,outputs/batch/part2_spatial_crn_h10_n100/high_load/cockpit_only/seed_26,care_area,True
high_load_high_acuity,cockpit_only,27,43200,7200,10,part2_spatial_crn_h10_n100,high_load_cockpit_only_seed_27,outputs/batch/part2_spatial_crn_h10_n100/high_load/cockpit_only/seed_27,care_area,True
high_load_high_acuity,cockpit_only,28,43200,7200,10,part2_spatial_crn_h10_n100,high_load_cockpit_only_seed_28,outputs/batch/part2_spatial_crn_h10_n100/high_load/cockpit_only/seed_28,care_area,True
high_load_high_acuity,cockpit_only,29,43200,7200,10,part2_spatial_crn_h10_n100,high_load_cockpit_only_seed_29,outputs/batch/part2_spatial_crn_h10_n100/high_load/cockpit_only/seed_29,care_area,True
high_load_high_acuity,cockpit_only,30,43200,7200,10,part2_spatial_crn_h10_n100,high_load_cockpit_only_seed_30,outputs/batch/part2_spatial_crn_h10_n100/high_load/cockpit_only/seed_30,care_area,True
high_load_high_acuity,cockpit_only,31,43200,7200,10,part2_spatial_crn_h10_n100,high_load_cockpit_only_seed_31,outputs/batch/part2_spatial_crn_h10_n100/high_load/cockpit_only/seed_31,care_area,True
high_load_high_acuity,cockpit_only,32,43200,7200,10,part2_spatial_crn_h10_n100,high_load_cockpit_only_seed_32,outputs/batch/part2_spatial_crn_h10_n100/high_load/cockpit_only/seed_32,care_area,True
high_load_high_acuity,cockpit_only,33,43200,7200,10,part2_spatial_crn_h10_n100,high_load_cockpit_only_seed_33,outputs/batch/part2_spatial_crn_h10_n100/high_load/cockpit_only/seed_33,care_area,True
high_load_high_acuity,cockpit_only,34,43200,7200,10,part2_spatial_crn_h10_n100,high_load_cockpit_only_seed_34,outputs/batch/part2_spatial_crn_h10_n100/high_load/cockpit_only/seed_34,care_area,True
high_load_high_acuity,cockpit_only,35,43200,7200,10,part2_spatial_crn_h10_n100,high_load_cockpit_only_seed_35,outputs/batch/part2_spatial_crn_h10_n100/high_load/cockpit_only/seed_35,care_area,True
high_load_high_acuity,cockpit_only,36,43200,7200,10,part2_spatial_crn_h10_n100,high_load_cockpit_only_seed_36,outputs/batch/part2_spatial_crn_h10_n100/high_load/cockpit_only/seed_36,care_area,True
high_load_high_acuity,cockpit_only,37,43200,7200,10,part2_spatial_crn_h10_n100,high_load_cockpit_only_seed_37,outputs/batch/part2_spatial_crn_h10_n100/high_load/cockpit_only/seed_37,care_area,True
high_load_high_acuity,cockpit_only,38,43200,7200,10,part2_spatial_crn_h10_n100,high_load_cockpit_only_seed_38,outputs/batch/part2_spatial_crn_h10_n100/high_load/cockpit_only/seed_38,care_area,True
high_load_high_acuity,cockpit_only,39,43200,7200,10,part2_spatial_crn_h10_n100,high_load_cockpit_only_seed_39,outputs/batch/part2_spatial_crn_h10_n100/high_load/cockpit_only/seed_39,care_area,True
high_load_high_acuity,cockpit_only,40,43200,7200,10,part2_spatial_crn_h10_n100,high_load_cockpit_only_seed_40,outputs/batch/part2_spatial_crn_h10_n100/high_load/cockpit_only/seed_40,care_area,True
high_load_high_acuity,cockpit_only,41,43200,7200,10,part2_spatial_crn_h10_n100,high_load_cockpit_only_seed_41,outputs/batch/part2_spatial_crn_h10_n100/high_load/cockpit_only/seed_41,care_area,True
high_load_high_acuity,cockpit_only,42,43200,7200,10,part2_spatial_crn_h10_n100,high_load_cockpit_only_seed_42,outputs/batch/part2_spatial_crn_h10_n100/high_load/cockpit_only/seed_42,care_area,True
high_load_high_acuity,cockpit_only,43,43200,7200,10,part2_spatial_crn_h10_n100,high_load_cockpit_only_seed_43,outputs/batch/part2_spatial_crn_h10_n100/high_load/cockpit_only/seed_43,care_area,True
high_load_high_acuity,cockpit_only,44,43200,7200,10,part2_spatial_crn_h10_n100,high_load_cockpit_only_seed_44,outputs/batch/part2_spatial_crn_h10_n100/high_load/cockpit_only/seed_44,care_area,True
high_load_high_acuity,cockpit_only,45,43200,7200,10,part2_spatial_crn_h10_n100,high_load_cockpit_only_seed_45,outputs/batch/part2_spatial_crn_h10_n100/high_load/cockpit_only/seed_45,care_area,True
high_load_high_acuity,cockpit_only,46,43200,7200,10,part2_spatial_crn_h10_n100,high_load_cockpit_only_seed_46,outputs/batch/part2_spatial_crn_h10_n100/high_load/cockpit_only/seed_46,care_area,True
high_load_high_acuity,cockpit_only,47,43200,7200,10,part2_spatial_crn_h10_n100,high_load_cockpit_only_seed_47,outputs/batch/part2_spatial_crn_h10_n100/high_load/cockpit_only/seed_47,care_area,True
high_load_high_acuity,cockpit_only,48,43200,7200,10,part2_spatial_crn_h10_n100,high_load_cockpit_only_seed_48,outputs/batch/part2_spatial_crn_h10_n100/high_load/cockpit_only/seed_48,care_area,True
high_load_high_acuity,cockpit_only,49,43200,7200,10,part2_spatial_crn_h10_n100,high_load_cockpit_only_seed_49,outputs/batch/part2_spatial_crn_h10_n100/high_load/cockpit_only/seed_49,care_area,True
high_load_high_acuity,cockpit_only,50,43200,7200,10,part2_spatial_crn_h10_n100,high_load_cockpit_only_seed_50,outputs/batch/part2_spatial_crn_h10_n100/high_load/cockpit_only/seed_50,care_area,True
high_load_high_acuity,cockpit_only,51,43200,7200,10,part2_spatial_crn_h10_n100,high_load_cockpit_only_seed_51,outputs/batch/part2_spatial_crn_h10_n100/high_load/cockpit_only/seed_51,care_area,True
high_load_high_acuity,cockpit_only,52,43200,7200,10,part2_spatial_crn_h10_n100,high_load_cockpit_only_seed_52,outputs/batch/part2_spatial_crn_h10_n100/high_load/cockpit_only/seed_52,care_area,True
high_load_high_acuity,cockpit_only,53,43200,7200,10,part2_spatial_crn_h10_n100,high_load_cockpit_only_seed_53,outputs/batch/part2_spatial_crn_h10_n100/high_load/cockpit_only/seed_53,care_area,True
high_load_high_acuity,cockpit_only,54,43200,7200,10,part2_spatial_crn_h10_n100,high_load_cockpit_only_seed_54,outputs/batch/part2_spatial_crn_h10_n100/high_load/cockpit_only/seed_54,care_area,True
high_load_high_acuity,cockpit_only,55,43200,7200,10,part2_spatial_crn_h10_n100,high_load_cockpit_only_seed_55,outputs/batch/part2_spatial_crn_h10_n100/high_load/cockpit_only/seed_55,care_area,True
high_load_high_acuity,cockpit_only,56,43200,7200,10,part2_spatial_crn_h10_n100,high_load_cockpit_only_seed_56,outputs/batch/part2_spatial_crn_h10_n100/high_load/cockpit_only/seed_56,care_area,True
high_load_high_acuity,cockpit_only,57,43200,7200,10,part2_spatial_crn_h10_n100,high_load_cockpit_only_seed_57,outputs/batch/part2_spatial_crn_h10_n100/high_load/cockpit_only/seed_57,care_area,True
high_load_high_acuity,cockpit_only,58,43200,7200,10,part2_spatial_crn_h10_n100,high_load_cockpit_only_seed_58,outputs/batch/part2_spatial_crn_h10_n100/high_load/cockpit_only/seed_58,care_area,True
high_load_high_acuity,cockpit_only,59,43200,7200,10,part2_spatial_crn_h10_n100,high_load_cockpit_only_seed_59,outputs/batch/part2_spatial_crn_h10_n100/high_load/cockpit_only/seed_59,care_area,True
high_load_high_acuity,cockpit_only,60,43200,7200,10,part2_spatial_crn_h10_n100,high_load_cockpit_only_seed_60,outputs/batch/part2_spatial_crn_h10_n100/high_load/cockpit_only/seed_60,care_area,True
high_load_high_acuity,cockpit_only,61,43200,7200,10,part2_spatial_crn_h10_n100,high_load_cockpit_only_seed_61,outputs/batch/part2_spatial_crn_h10_n100/high_load/cockpit_only/seed_61,care_area,True
high_load_high_acuity,cockpit_only,62,43200,7200,10,part2_spatial_crn_h10_n100,high_load_cockpit_only_seed_62,outputs/batch/part2_spatial_crn_h10_n100/high_load/cockpit_only/seed_62,care_area,True
high_load_high_acuity,cockpit_only,63,43200,7200,10,part2_spatial_crn_h10_n100,high_load_cockpit_only_seed_63,outputs/batch/part2_spatial_crn_h10_n100/high_load/cockpit_only/seed_63,care_area,True
high_load_high_acuity,cockpit_only,64,43200,7200,10,part2_spatial_crn_h10_n100,high_load_cockpit_only_seed_64,outputs/batch/part2_spatial_crn_h10_n100/high_load/cockpit_only/seed_64,care_area,True
high_load_high_acuity,cockpit_only,65,43200,7200,10,part2_spatial_crn_h10_n100,high_load_cockpit_only_seed_65,outputs/batch/part2_spatial_crn_h10_n100/high_load/cockpit_only/seed_65,care_area,True
high_load_high_acuity,cockpit_only,66,43200,7200,10,part2_spatial_crn_h10_n100,high_load_cockpit_only_seed_66,outputs/batch/part2_spatial_crn_h10_n100/high_load/cockpit_only/seed_66,care_area,True
high_load_high_acuity,cockpit_only,67,43200,7200,10,part2_spatial_crn_h10_n100,high_load_cockpit_only_seed_67,outputs/batch/part2_spatial_crn_h10_n100/high_load/cockpit_only/seed_67,care_area,True
high_load_high_acuity,cockpit_only,68,43200,7200,10,part2_spatial_crn_h10_n100,high_load_cockpit_only_seed_68,outputs/batch/part2_spatial_crn_h10_n100/high_load/cockpit_only/seed_68,care_area,True
high_load_high_acuity,cockpit_only,69,43200,7200,10,part2_spatial_crn_h10_n100,high_load_cockpit_only_seed_69,outputs/batch/part2_spatial_crn_h10_n100/high_load/cockpit_only/seed_69,care_area,True
high_load_high_acuity,cockpit_only,70,43200,7200,10,part2_spatial_crn_h10_n100,high_load_cockpit_only_seed_70,outputs/batch/part2_spatial_crn_h10_n100/high_load/cockpit_only/seed_70,care_area,True
high_load_high_acuity,cockpit_only,71,43200,7200,10,part2_spatial_crn_h10_n100,high_load_cockpit_only_seed_71,outputs/batch/part2_spatial_crn_h10_n100/high_load/cockpit_only/seed_71,care_area,True
high_load_high_acuity,cockpit_only,72,43200,7200,10,part2_spatial_crn_h10_n100,high_load_cockpit_only_seed_72,outputs/batch/part2_spatial_crn_h10_n100/high_load/cockpit_only/seed_72,care_area,True
high_load_high_acuity,cockpit_only,73,43200,7200,10,part2_spatial_crn_h10_n100,high_load_cockpit_only_seed_73,outputs/batch/part2_spatial_crn_h10_n100/high_load/cockpit_only/seed_73,care_area,True
high_load_high_acuity,cockpit_only,74,43200,7200,10,part2_spatial_crn_h10_n100,high_load_cockpit_only_seed_74,outputs/batch/part2_spatial_crn_h10_n100/high_load/cockpit_only/seed_74,care_area,True
high_load_high_acuity,cockpit_only,75,43200,7200,10,part2_spatial_crn_h10_n100,high_load_cockpit_only_seed_75,outputs/batch/part2_spatial_crn_h10_n100/high_load/cockpit_only/seed_75,care_area,True
high_load_high_acuity,cockpit_only,76,43200,7200,10,part2_spatial_crn_h10_n100,high_load_cockpit_only_seed_76,outputs/batch/part2_spatial_crn_h10_n100/high_load/cockpit_only/seed_76,care_area,True
high_load_high_acuity,cockpit_only,77,43200,7200,10,part2_spatial_crn_h10_n100,high_load_cockpit_only_seed_77,outputs/batch/part2_spatial_crn_h10_n100/high_load/cockpit_only/seed_77,care_area,True
high_load_high_acuity,cockpit_only,78,43200,7200,10,part2_spatial_crn_h10_n100,high_load_cockpit_only_seed_78,outputs/batch/part2_spatial_crn_h10_n100/high_load/cockpit_only/seed_78,care_area,True
high_load_high_acuity,cockpit_only,79,43200,7200,10,part2_spatial_crn_h10_n100,high_load_cockpit_only_seed_79,outputs/batch/part2_spatial_crn_h10_n100/high_load/cockpit_only/seed_79,care_area,True
high_load_high_acuity,cockpit_only,80,43200,7200,10,part2_spatial_crn_h10_n100,high_load_cockpit_only_seed_80,outputs/batch/part2_spatial_crn_h10_n100/high_load/cockpit_only/seed_80,care_area,True
high_load_high_acuity,cockpit_only,81,43200,7200,10,part2_spatial_crn_h10_n100,high_load_cockpit_only_seed_81,outputs/batch/part2_spatial_crn_h10_n100/high_load/cockpit_only/seed_81,care_area,True
high_load_high_acuity,cockpit_only,82,43200,7200,10,part2_spatial_crn_h10_n100,high_load_cockpit_only_seed_82,outputs/batch/part2_spatial_crn_h10_n100/high_load/cockpit_only/seed_82,care_area,True
high_load_high_acuity,cockpit_only,83,43200,7200,10,part2_spatial_crn_h10_n100,high_load_cockpit_only_seed_83,outputs/batch/part2_spatial_crn_h10_n100/high_load/cockpit_only/seed_83,care_area,True
high_load_high_acuity,cockpit_only,84,43200,7200,10,part2_spatial_crn_h10_n100,high_load_cockpit_only_seed_84,outputs/batch/part2_spatial_crn_h10_n100/high_load/cockpit_only/seed_84,care_area,True
high_load_high_acuity,cockpit_only,85,43200,7200,10,part2_spatial_crn_h10_n100,high_load_cockpit_only_seed_85,outputs/batch/part2_spatial_crn_h10_n100/high_load/cockpit_only/seed_85,care_area,True
high_load_high_acuity,cockpit_only,86,43200,7200,10,part2_spatial_crn_h10_n100,high_load_cockpit_only_seed_86,outputs/batch/part2_spatial_crn_h10_n100/high_load/cockpit_only/seed_86,care_area,True
high_load_high_acuity,cockpit_only,87,43200,7200,10,part2_spatial_crn_h10_n100,high_load_cockpit_only_seed_87,outputs/batch/part2_spatial_crn_h10_n100/high_load/cockpit_only/seed_87,care_area,True
high_load_high_acuity,cockpit_only,88,43200,7200,10,part2_spatial_crn_h10_n100,high_load_cockpit_only_seed_88,outputs/batch/part2_spatial_crn_h10_n100/high_load/cockpit_only/seed_88,care_area,True
high_load_high_acuity,cockpit_only,89,43200,7200,10,part2_spatial_crn_h10_n100,high_load_cockpit_only_seed_89,outputs/batch/part2_spatial_crn_h10_n100/high_load/cockpit_only/seed_89,care_area,True
high_load_high_acuity,cockpit_only,90,43200,7200,10,part2_spatial_crn_h10_n100,high_load_cockpit_only_seed_90,outputs/batch/part2_spatial_crn_h10_n100/high_load/cockpit_only/seed_90,care_area,True
high_load_high_acuity,cockpit_only,91,43200,7200,10,part2_spatial_crn_h10_n100,high_load_cockpit_only_seed_91,outputs/batch/part2_spatial_crn_h10_n100/high_load/cockpit_only/seed_91,care_area,True
high_load_high_acuity,cockpit_only,92,43200,7200,10,part2_spatial_crn_h10_n100,high_load_cockpit_only_seed_92,outputs/batch/part2_spatial_crn_h10_n100/high_load/cockpit_only/seed_92,care_area,True
high_load_high_acuity,cockpit_only,93,43200,7200,10,part2_spatial_crn_h10_n100,high_load_cockpit_only_seed_93,outputs/batch/part2_spatial_crn_h10_n100/high_load/cockpit_only/seed_93,care_area,True
high_load_high_acuity,cockpit_only,94,43200,7200,10,part2_spatial_crn_h10_n100,high_load_cockpit_only_seed_94,outputs/batch/part2_spatial_crn_h10_n100/high_load/cockpit_only/seed_94,care_area,True
high_load_high_acuity,cockpit_only,95,43200,7200,10,part2_spatial_crn_h10_n100,high_load_cockpit_only_seed_95,outputs/batch/part2_spatial_crn_h10_n100/high_load/cockpit_only/seed_95,care_area,True
high_load_high_acuity,cockpit_only,96,43200,7200,10,part2_spatial_crn_h10_n100,high_load_cockpit_only_seed_96,outputs/batch/part2_spatial_crn_h10_n100/high_load/cockpit_only/seed_96,care_area,True
high_load_high_acuity,cockpit_only,97,43200,7200,10,part2_spatial_crn_h10_n100,high_load_cockpit_only_seed_97,outputs/batch/part2_spatial_crn_h10_n100/high_load/cockpit_only/seed_97,care_area,True
high_load_high_acuity,cockpit_only,98,43200,7200,10,part2_spatial_crn_h10_n100,high_load_cockpit_only_seed_98,outputs/batch/part2_spatial_crn_h10_n100/high_load/cockpit_only/seed_98,care_area,True
high_load_high_acuity,cockpit_only,99,43200,7200,10,part2_spatial_crn_h10_n100,high_load_cockpit_only_seed_99,outputs/batch/part2_spatial_crn_h10_n100/high_load/cockpit_only/seed_99,care_area,True
high_load_high_acuity,cockpit_only,100,43200,7200,10,part2_spatial_crn_h10_n100,high_load_cockpit_only_seed_100,outputs/batch/part2_spatial_crn_h10_n100/high_load/cockpit_only/seed_100,care_area,True
high_load_high_acuity,nursta_only,1,43200,7200,10,part2_spatial_crn_h10_n100,high_load_nursta_only_seed_1,outputs/batch/part2_spatial_crn_h10_n100/high_load/nursta_only/seed_1,care_area,True
high_load_high_acuity,nursta_only,2,43200,7200,10,part2_spatial_crn_h10_n100,high_load_nursta_only_seed_2,outputs/batch/part2_spatial_crn_h10_n100/high_load/nursta_only/seed_2,care_area,True
high_load_high_acuity,nursta_only,3,43200,7200,10,part2_spatial_crn_h10_n100,high_load_nursta_only_seed_3,outputs/batch/part2_spatial_crn_h10_n100/high_load/nursta_only/seed_3,care_area,True
high_load_high_acuity,nursta_only,4,43200,7200,10,part2_spatial_crn_h10_n100,high_load_nursta_only_seed_4,outputs/batch/part2_spatial_crn_h10_n100/high_load/nursta_only/seed_4,care_area,True
high_load_high_acuity,nursta_only,5,43200,7200,10,part2_spatial_crn_h10_n100,high_load_nursta_only_seed_5,outputs/batch/part2_spatial_crn_h10_n100/high_load/nursta_only/seed_5,care_area,True
high_load_high_acuity,nursta_only,6,43200,7200,10,part2_spatial_crn_h10_n100,high_load_nursta_only_seed_6,outputs/batch/part2_spatial_crn_h10_n100/high_load/nursta_only/seed_6,care_area,True
high_load_high_acuity,nursta_only,7,43200,7200,10,part2_spatial_crn_h10_n100,high_load_nursta_only_seed_7,outputs/batch/part2_spatial_crn_h10_n100/high_load/nursta_only/seed_7,care_area,True
high_load_high_acuity,nursta_only,8,43200,7200,10,part2_spatial_crn_h10_n100,high_load_nursta_only_seed_8,outputs/batch/part2_spatial_crn_h10_n100/high_load/nursta_only/seed_8,care_area,True
high_load_high_acuity,nursta_only,9,43200,7200,10,part2_spatial_crn_h10_n100,high_load_nursta_only_seed_9,outputs/batch/part2_spatial_crn_h10_n100/high_load/nursta_only/seed_9,care_area,True
high_load_high_acuity,nursta_only,10,43200,7200,10,part2_spatial_crn_h10_n100,high_load_nursta_only_seed_10,outputs/batch/part2_spatial_crn_h10_n100/high_load/nursta_only/seed_10,care_area,True
high_load_high_acuity,nursta_only,11,43200,7200,10,part2_spatial_crn_h10_n100,high_load_nursta_only_seed_11,outputs/batch/part2_spatial_crn_h10_n100/high_load/nursta_only/seed_11,care_area,True
high_load_high_acuity,nursta_only,12,43200,7200,10,part2_spatial_crn_h10_n100,high_load_nursta_only_seed_12,outputs/batch/part2_spatial_crn_h10_n100/high_load/nursta_only/seed_12,care_area,True
high_load_high_acuity,nursta_only,13,43200,7200,10,part2_spatial_crn_h10_n100,high_load_nursta_only_seed_13,outputs/batch/part2_spatial_crn_h10_n100/high_load/nursta_only/seed_13,care_area,True
high_load_high_acuity,nursta_only,14,43200,7200,10,part2_spatial_crn_h10_n100,high_load_nursta_only_seed_14,outputs/batch/part2_spatial_crn_h10_n100/high_load/nursta_only/seed_14,care_area,True
high_load_high_acuity,nursta_only,15,43200,7200,10,part2_spatial_crn_h10_n100,high_load_nursta_only_seed_15,outputs/batch/part2_spatial_crn_h10_n100/high_load/nursta_only/seed_15,care_area,True
high_load_high_acuity,nursta_only,16,43200,7200,10,part2_spatial_crn_h10_n100,high_load_nursta_only_seed_16,outputs/batch/part2_spatial_crn_h10_n100/high_load/nursta_only/seed_16,care_area,True
high_load_high_acuity,nursta_only,17,43200,7200,10,part2_spatial_crn_h10_n100,high_load_nursta_only_seed_17,outputs/batch/part2_spatial_crn_h10_n100/high_load/nursta_only/seed_17,care_area,True
high_load_high_acuity,nursta_only,18,43200,7200,10,part2_spatial_crn_h10_n100,high_load_nursta_only_seed_18,outputs/batch/part2_spatial_crn_h10_n100/high_load/nursta_only/seed_18,care_area,True
high_load_high_acuity,nursta_only,19,43200,7200,10,part2_spatial_crn_h10_n100,high_load_nursta_only_seed_19,outputs/batch/part2_spatial_crn_h10_n100/high_load/nursta_only/seed_19,care_area,True
high_load_high_acuity,nursta_only,20,43200,7200,10,part2_spatial_crn_h10_n100,high_load_nursta_only_seed_20,outputs/batch/part2_spatial_crn_h10_n100/high_load/nursta_only/seed_20,care_area,True
high_load_high_acuity,nursta_only,21,43200,7200,10,part2_spatial_crn_h10_n100,high_load_nursta_only_seed_21,outputs/batch/part2_spatial_crn_h10_n100/high_load/nursta_only/seed_21,care_area,True
high_load_high_acuity,nursta_only,22,43200,7200,10,part2_spatial_crn_h10_n100,high_load_nursta_only_seed_22,outputs/batch/part2_spatial_crn_h10_n100/high_load/nursta_only/seed_22,care_area,True
high_load_high_acuity,nursta_only,23,43200,7200,10,part2_spatial_crn_h10_n100,high_load_nursta_only_seed_23,outputs/batch/part2_spatial_crn_h10_n100/high_load/nursta_only/seed_23,care_area,True
high_load_high_acuity,nursta_only,24,43200,7200,10,part2_spatial_crn_h10_n100,high_load_nursta_only_seed_24,outputs/batch/part2_spatial_crn_h10_n100/high_load/nursta_only/seed_24,care_area,True
high_load_high_acuity,nursta_only,25,43200,7200,10,part2_spatial_crn_h10_n100,high_load_nursta_only_seed_25,outputs/batch/part2_spatial_crn_h10_n100/high_load/nursta_only/seed_25,care_area,True
high_load_high_acuity,nursta_only,26,43200,7200,10,part2_spatial_crn_h10_n100,high_load_nursta_only_seed_26,outputs/batch/part2_spatial_crn_h10_n100/high_load/nursta_only/seed_26,care_area,True
high_load_high_acuity,nursta_only,27,43200,7200,10,part2_spatial_crn_h10_n100,high_load_nursta_only_seed_27,outputs/batch/part2_spatial_crn_h10_n100/high_load/nursta_only/seed_27,care_area,True
high_load_high_acuity,nursta_only,28,43200,7200,10,part2_spatial_crn_h10_n100,high_load_nursta_only_seed_28,outputs/batch/part2_spatial_crn_h10_n100/high_load/nursta_only/seed_28,care_area,True
high_load_high_acuity,nursta_only,29,43200,7200,10,part2_spatial_crn_h10_n100,high_load_nursta_only_seed_29,outputs/batch/part2_spatial_crn_h10_n100/high_load/nursta_only/seed_29,care_area,True
high_load_high_acuity,nursta_only,30,43200,7200,10,part2_spatial_crn_h10_n100,high_load_nursta_only_seed_30,outputs/batch/part2_spatial_crn_h10_n100/high_load/nursta_only/seed_30,care_area,True
high_load_high_acuity,nursta_only,31,43200,7200,10,part2_spatial_crn_h10_n100,high_load_nursta_only_seed_31,outputs/batch/part2_spatial_crn_h10_n100/high_load/nursta_only/seed_31,care_area,True
high_load_high_acuity,nursta_only,32,43200,7200,10,part2_spatial_crn_h10_n100,high_load_nursta_only_seed_32,outputs/batch/part2_spatial_crn_h10_n100/high_load/nursta_only/seed_32,care_area,True
high_load_high_acuity,nursta_only,33,43200,7200,10,part2_spatial_crn_h10_n100,high_load_nursta_only_seed_33,outputs/batch/part2_spatial_crn_h10_n100/high_load/nursta_only/seed_33,care_area,True
high_load_high_acuity,nursta_only,34,43200,7200,10,part2_spatial_crn_h10_n100,high_load_nursta_only_seed_34,outputs/batch/part2_spatial_crn_h10_n100/high_load/nursta_only/seed_34,care_area,True
high_load_high_acuity,nursta_only,35,43200,7200,10,part2_spatial_crn_h10_n100,high_load_nursta_only_seed_35,outputs/batch/part2_spatial_crn_h10_n100/high_load/nursta_only/seed_35,care_area,True
high_load_high_acuity,nursta_only,36,43200,7200,10,part2_spatial_crn_h10_n100,high_load_nursta_only_seed_36,outputs/batch/part2_spatial_crn_h10_n100/high_load/nursta_only/seed_36,care_area,True
high_load_high_acuity,nursta_only,37,43200,7200,10,part2_spatial_crn_h10_n100,high_load_nursta_only_seed_37,outputs/batch/part2_spatial_crn_h10_n100/high_load/nursta_only/seed_37,care_area,True
high_load_high_acuity,nursta_only,38,43200,7200,10,part2_spatial_crn_h10_n100,high_load_nursta_only_seed_38,outputs/batch/part2_spatial_crn_h10_n100/high_load/nursta_only/seed_38,care_area,True
high_load_high_acuity,nursta_only,39,43200,7200,10,part2_spatial_crn_h10_n100,high_load_nursta_only_seed_39,outputs/batch/part2_spatial_crn_h10_n100/high_load/nursta_only/seed_39,care_area,True
high_load_high_acuity,nursta_only,40,43200,7200,10,part2_spatial_crn_h10_n100,high_load_nursta_only_seed_40,outputs/batch/part2_spatial_crn_h10_n100/high_load/nursta_only/seed_40,care_area,True
high_load_high_acuity,nursta_only,41,43200,7200,10,part2_spatial_crn_h10_n100,high_load_nursta_only_seed_41,outputs/batch/part2_spatial_crn_h10_n100/high_load/nursta_only/seed_41,care_area,True
high_load_high_acuity,nursta_only,42,43200,7200,10,part2_spatial_crn_h10_n100,high_load_nursta_only_seed_42,outputs/batch/part2_spatial_crn_h10_n100/high_load/nursta_only/seed_42,care_area,True
high_load_high_acuity,nursta_only,43,43200,7200,10,part2_spatial_crn_h10_n100,high_load_nursta_only_seed_43,outputs/batch/part2_spatial_crn_h10_n100/high_load/nursta_only/seed_43,care_area,True
high_load_high_acuity,nursta_only,44,43200,7200,10,part2_spatial_crn_h10_n100,high_load_nursta_only_seed_44,outputs/batch/part2_spatial_crn_h10_n100/high_load/nursta_only/seed_44,care_area,True
high_load_high_acuity,nursta_only,45,43200,7200,10,part2_spatial_crn_h10_n100,high_load_nursta_only_seed_45,outputs/batch/part2_spatial_crn_h10_n100/high_load/nursta_only/seed_45,care_area,True
high_load_high_acuity,nursta_only,46,43200,7200,10,part2_spatial_crn_h10_n100,high_load_nursta_only_seed_46,outputs/batch/part2_spatial_crn_h10_n100/high_load/nursta_only/seed_46,care_area,True
high_load_high_acuity,nursta_only,47,43200,7200,10,part2_spatial_crn_h10_n100,high_load_nursta_only_seed_47,outputs/batch/part2_spatial_crn_h10_n100/high_load/nursta_only/seed_47,care_area,True
high_load_high_acuity,nursta_only,48,43200,7200,10,part2_spatial_crn_h10_n100,high_load_nursta_only_seed_48,outputs/batch/part2_spatial_crn_h10_n100/high_load/nursta_only/seed_48,care_area,True
high_load_high_acuity,nursta_only,49,43200,7200,10,part2_spatial_crn_h10_n100,high_load_nursta_only_seed_49,outputs/batch/part2_spatial_crn_h10_n100/high_load/nursta_only/seed_49,care_area,True
high_load_high_acuity,nursta_only,50,43200,7200,10,part2_spatial_crn_h10_n100,high_load_nursta_only_seed_50,outputs/batch/part2_spatial_crn_h10_n100/high_load/nursta_only/seed_50,care_area,True
high_load_high_acuity,nursta_only,51,43200,7200,10,part2_spatial_crn_h10_n100,high_load_nursta_only_seed_51,outputs/batch/part2_spatial_crn_h10_n100/high_load/nursta_only/seed_51,care_area,True
high_load_high_acuity,nursta_only,52,43200,7200,10,part2_spatial_crn_h10_n100,high_load_nursta_only_seed_52,outputs/batch/part2_spatial_crn_h10_n100/high_load/nursta_only/seed_52,care_area,True
high_load_high_acuity,nursta_only,53,43200,7200,10,part2_spatial_crn_h10_n100,high_load_nursta_only_seed_53,outputs/batch/part2_spatial_crn_h10_n100/high_load/nursta_only/seed_53,care_area,True
high_load_high_acuity,nursta_only,54,43200,7200,10,part2_spatial_crn_h10_n100,high_load_nursta_only_seed_54,outputs/batch/part2_spatial_crn_h10_n100/high_load/nursta_only/seed_54,care_area,True
high_load_high_acuity,nursta_only,55,43200,7200,10,part2_spatial_crn_h10_n100,high_load_nursta_only_seed_55,outputs/batch/part2_spatial_crn_h10_n100/high_load/nursta_only/seed_55,care_area,True
high_load_high_acuity,nursta_only,56,43200,7200,10,part2_spatial_crn_h10_n100,high_load_nursta_only_seed_56,outputs/batch/part2_spatial_crn_h10_n100/high_load/nursta_only/seed_56,care_area,True
high_load_high_acuity,nursta_only,57,43200,7200,10,part2_spatial_crn_h10_n100,high_load_nursta_only_seed_57,outputs/batch/part2_spatial_crn_h10_n100/high_load/nursta_only/seed_57,care_area,True
high_load_high_acuity,nursta_only,58,43200,7200,10,part2_spatial_crn_h10_n100,high_load_nursta_only_seed_58,outputs/batch/part2_spatial_crn_h10_n100/high_load/nursta_only/seed_58,care_area,True
high_load_high_acuity,nursta_only,59,43200,7200,10,part2_spatial_crn_h10_n100,high_load_nursta_only_seed_59,outputs/batch/part2_spatial_crn_h10_n100/high_load/nursta_only/seed_59,care_area,True
high_load_high_acuity,nursta_only,60,43200,7200,10,part2_spatial_crn_h10_n100,high_load_nursta_only_seed_60,outputs/batch/part2_spatial_crn_h10_n100/high_load/nursta_only/seed_60,care_area,True
high_load_high_acuity,nursta_only,61,43200,7200,10,part2_spatial_crn_h10_n100,high_load_nursta_only_seed_61,outputs/batch/part2_spatial_crn_h10_n100/high_load/nursta_only/seed_61,care_area,True
high_load_high_acuity,nursta_only,62,43200,7200,10,part2_spatial_crn_h10_n100,high_load_nursta_only_seed_62,outputs/batch/part2_spatial_crn_h10_n100/high_load/nursta_only/seed_62,care_area,True
high_load_high_acuity,nursta_only,63,43200,7200,10,part2_spatial_crn_h10_n100,high_load_nursta_only_seed_63,outputs/batch/part2_spatial_crn_h10_n100/high_load/nursta_only/seed_63,care_area,True
high_load_high_acuity,nursta_only,64,43200,7200,10,part2_spatial_crn_h10_n100,high_load_nursta_only_seed_64,outputs/batch/part2_spatial_crn_h10_n100/high_load/nursta_only/seed_64,care_area,True
high_load_high_acuity,nursta_only,65,43200,7200,10,part2_spatial_crn_h10_n100,high_load_nursta_only_seed_65,outputs/batch/part2_spatial_crn_h10_n100/high_load/nursta_only/seed_65,care_area,True
high_load_high_acuity,nursta_only,66,43200,7200,10,part2_spatial_crn_h10_n100,high_load_nursta_only_seed_66,outputs/batch/part2_spatial_crn_h10_n100/high_load/nursta_only/seed_66,care_area,True
high_load_high_acuity,nursta_only,67,43200,7200,10,part2_spatial_crn_h10_n100,high_load_nursta_only_seed_67,outputs/batch/part2_spatial_crn_h10_n100/high_load/nursta_only/seed_67,care_area,True
high_load_high_acuity,nursta_only,68,43200,7200,10,part2_spatial_crn_h10_n100,high_load_nursta_only_seed_68,outputs/batch/part2_spatial_crn_h10_n100/high_load/nursta_only/seed_68,care_area,True
high_load_high_acuity,nursta_only,69,43200,7200,10,part2_spatial_crn_h10_n100,high_load_nursta_only_seed_69,outputs/batch/part2_spatial_crn_h10_n100/high_load/nursta_only/seed_69,care_area,True
high_load_high_acuity,nursta_only,70,43200,7200,10,part2_spatial_crn_h10_n100,high_load_nursta_only_seed_70,outputs/batch/part2_spatial_crn_h10_n100/high_load/nursta_only/seed_70,care_area,True
high_load_high_acuity,nursta_only,71,43200,7200,10,part2_spatial_crn_h10_n100,high_load_nursta_only_seed_71,outputs/batch/part2_spatial_crn_h10_n100/high_load/nursta_only/seed_71,care_area,True
high_load_high_acuity,nursta_only,72,43200,7200,10,part2_spatial_crn_h10_n100,high_load_nursta_only_seed_72,outputs/batch/part2_spatial_crn_h10_n100/high_load/nursta_only/seed_72,care_area,True
high_load_high_acuity,nursta_only,73,43200,7200,10,part2_spatial_crn_h10_n100,high_load_nursta_only_seed_73,outputs/batch/part2_spatial_crn_h10_n100/high_load/nursta_only/seed_73,care_area,True
high_load_high_acuity,nursta_only,74,43200,7200,10,part2_spatial_crn_h10_n100,high_load_nursta_only_seed_74,outputs/batch/part2_spatial_crn_h10_n100/high_load/nursta_only/seed_74,care_area,True
high_load_high_acuity,nursta_only,75,43200,7200,10,part2_spatial_crn_h10_n100,high_load_nursta_only_seed_75,outputs/batch/part2_spatial_crn_h10_n100/high_load/nursta_only/seed_75,care_area,True
high_load_high_acuity,nursta_only,76,43200,7200,10,part2_spatial_crn_h10_n100,high_load_nursta_only_seed_76,outputs/batch/part2_spatial_crn_h10_n100/high_load/nursta_only/seed_76,care_area,True
high_load_high_acuity,nursta_only,77,43200,7200,10,part2_spatial_crn_h10_n100,high_load_nursta_only_seed_77,outputs/batch/part2_spatial_crn_h10_n100/high_load/nursta_only/seed_77,care_area,True
high_load_high_acuity,nursta_only,78,43200,7200,10,part2_spatial_crn_h10_n100,high_load_nursta_only_seed_78,outputs/batch/part2_spatial_crn_h10_n100/high_load/nursta_only/seed_78,care_area,True
high_load_high_acuity,nursta_only,79,43200,7200,10,part2_spatial_crn_h10_n100,high_load_nursta_only_seed_79,outputs/batch/part2_spatial_crn_h10_n100/high_load/nursta_only/seed_79,care_area,True
high_load_high_acuity,nursta_only,80,43200,7200,10,part2_spatial_crn_h10_n100,high_load_nursta_only_seed_80,outputs/batch/part2_spatial_crn_h10_n100/high_load/nursta_only/seed_80,care_area,True
high_load_high_acuity,nursta_only,81,43200,7200,10,part2_spatial_crn_h10_n100,high_load_nursta_only_seed_81,outputs/batch/part2_spatial_crn_h10_n100/high_load/nursta_only/seed_81,care_area,True
high_load_high_acuity,nursta_only,82,43200,7200,10,part2_spatial_crn_h10_n100,high_load_nursta_only_seed_82,outputs/batch/part2_spatial_crn_h10_n100/high_load/nursta_only/seed_82,care_area,True
high_load_high_acuity,nursta_only,83,43200,7200,10,part2_spatial_crn_h10_n100,high_load_nursta_only_seed_83,outputs/batch/part2_spatial_crn_h10_n100/high_load/nursta_only/seed_83,care_area,True
high_load_high_acuity,nursta_only,84,43200,7200,10,part2_spatial_crn_h10_n100,high_load_nursta_only_seed_84,outputs/batch/part2_spatial_crn_h10_n100/high_load/nursta_only/seed_84,care_area,True
high_load_high_acuity,nursta_only,85,43200,7200,10,part2_spatial_crn_h10_n100,high_load_nursta_only_seed_85,outputs/batch/part2_spatial_crn_h10_n100/high_load/nursta_only/seed_85,care_area,True
high_load_high_acuity,nursta_only,86,43200,7200,10,part2_spatial_crn_h10_n100,high_load_nursta_only_seed_86,outputs/batch/part2_spatial_crn_h10_n100/high_load/nursta_only/seed_86,care_area,True
high_load_high_acuity,nursta_only,87,43200,7200,10,part2_spatial_crn_h10_n100,high_load_nursta_only_seed_87,outputs/batch/part2_spatial_crn_h10_n100/high_load/nursta_only/seed_87,care_area,True
high_load_high_acuity,nursta_only,88,43200,7200,10,part2_spatial_crn_h10_n100,high_load_nursta_only_seed_88,outputs/batch/part2_spatial_crn_h10_n100/high_load/nursta_only/seed_88,care_area,True
high_load_high_acuity,nursta_only,89,43200,7200,10,part2_spatial_crn_h10_n100,high_load_nursta_only_seed_89,outputs/batch/part2_spatial_crn_h10_n100/high_load/nursta_only/seed_89,care_area,True
high_load_high_acuity,nursta_only,90,43200,7200,10,part2_spatial_crn_h10_n100,high_load_nursta_only_seed_90,outputs/batch/part2_spatial_crn_h10_n100/high_load/nursta_only/seed_90,care_area,True
high_load_high_acuity,nursta_only,91,43200,7200,10,part2_spatial_crn_h10_n100,high_load_nursta_only_seed_91,outputs/batch/part2_spatial_crn_h10_n100/high_load/nursta_only/seed_91,care_area,True
high_load_high_acuity,nursta_only,92,43200,7200,10,part2_spatial_crn_h10_n100,high_load_nursta_only_seed_92,outputs/batch/part2_spatial_crn_h10_n100/high_load/nursta_only/seed_92,care_area,True
high_load_high_acuity,nursta_only,93,43200,7200,10,part2_spatial_crn_h10_n100,high_load_nursta_only_seed_93,outputs/batch/part2_spatial_crn_h10_n100/high_load/nursta_only/seed_93,care_area,True
high_load_high_acuity,nursta_only,94,43200,7200,10,part2_spatial_crn_h10_n100,high_load_nursta_only_seed_94,outputs/batch/part2_spatial_crn_h10_n100/high_load/nursta_only/seed_94,care_area,True
high_load_high_acuity,nursta_only,95,43200,7200,10,part2_spatial_crn_h10_n100,high_load_nursta_only_seed_95,outputs/batch/part2_spatial_crn_h10_n100/high_load/nursta_only/seed_95,care_area,True
high_load_high_acuity,nursta_only,96,43200,7200,10,part2_spatial_crn_h10_n100,high_load_nursta_only_seed_96,outputs/batch/part2_spatial_crn_h10_n100/high_load/nursta_only/seed_96,care_area,True
high_load_high_acuity,nursta_only,97,43200,7200,10,part2_spatial_crn_h10_n100,high_load_nursta_only_seed_97,outputs/batch/part2_spatial_crn_h10_n100/high_load/nursta_only/seed_97,care_area,True
high_load_high_acuity,nursta_only,98,43200,7200,10,part2_spatial_crn_h10_n100,high_load_nursta_only_seed_98,outputs/batch/part2_spatial_crn_h10_n100/high_load/nursta_only/seed_98,care_area,True
high_load_high_acuity,nursta_only,99,43200,7200,10,part2_spatial_crn_h10_n100,high_load_nursta_only_seed_99,outputs/batch/part2_spatial_crn_h10_n100/high_load/nursta_only/seed_99,care_area,True
high_load_high_acuity,nursta_only,100,43200,7200,10,part2_spatial_crn_h10_n100,high_load_nursta_only_seed_100,outputs/batch/part2_spatial_crn_h10_n100/high_load/nursta_only/seed_100,care_area,True
high_load_high_acuity,both,1,43200,7200,10,part2_spatial_crn_h10_n100,high_load_both_seed_1,outputs/batch/part2_spatial_crn_h10_n100/high_load/both/seed_1,care_area,True
high_load_high_acuity,both,2,43200,7200,10,part2_spatial_crn_h10_n100,high_load_both_seed_2,outputs/batch/part2_spatial_crn_h10_n100/high_load/both/seed_2,care_area,True
high_load_high_acuity,both,3,43200,7200,10,part2_spatial_crn_h10_n100,high_load_both_seed_3,outputs/batch/part2_spatial_crn_h10_n100/high_load/both/seed_3,care_area,True
high_load_high_acuity,both,4,43200,7200,10,part2_spatial_crn_h10_n100,high_load_both_seed_4,outputs/batch/part2_spatial_crn_h10_n100/high_load/both/seed_4,care_area,True
high_load_high_acuity,both,5,43200,7200,10,part2_spatial_crn_h10_n100,high_load_both_seed_5,outputs/batch/part2_spatial_crn_h10_n100/high_load/both/seed_5,care_area,True
high_load_high_acuity,both,6,43200,7200,10,part2_spatial_crn_h10_n100,high_load_both_seed_6,outputs/batch/part2_spatial_crn_h10_n100/high_load/both/seed_6,care_area,True
high_load_high_acuity,both,7,43200,7200,10,part2_spatial_crn_h10_n100,high_load_both_seed_7,outputs/batch/part2_spatial_crn_h10_n100/high_load/both/seed_7,care_area,True
high_load_high_acuity,both,8,43200,7200,10,part2_spatial_crn_h10_n100,high_load_both_seed_8,outputs/batch/part2_spatial_crn_h10_n100/high_load/both/seed_8,care_area,True
high_load_high_acuity,both,9,43200,7200,10,part2_spatial_crn_h10_n100,high_load_both_seed_9,outputs/batch/part2_spatial_crn_h10_n100/high_load/both/seed_9,care_area,True
high_load_high_acuity,both,10,43200,7200,10,part2_spatial_crn_h10_n100,high_load_both_seed_10,outputs/batch/part2_spatial_crn_h10_n100/high_load/both/seed_10,care_area,True
high_load_high_acuity,both,11,43200,7200,10,part2_spatial_crn_h10_n100,high_load_both_seed_11,outputs/batch/part2_spatial_crn_h10_n100/high_load/both/seed_11,care_area,True
high_load_high_acuity,both,12,43200,7200,10,part2_spatial_crn_h10_n100,high_load_both_seed_12,outputs/batch/part2_spatial_crn_h10_n100/high_load/both/seed_12,care_area,True
high_load_high_acuity,both,13,43200,7200,10,part2_spatial_crn_h10_n100,high_load_both_seed_13,outputs/batch/part2_spatial_crn_h10_n100/high_load/both/seed_13,care_area,True
high_load_high_acuity,both,14,43200,7200,10,part2_spatial_crn_h10_n100,high_load_both_seed_14,outputs/batch/part2_spatial_crn_h10_n100/high_load/both/seed_14,care_area,True
high_load_high_acuity,both,15,43200,7200,10,part2_spatial_crn_h10_n100,high_load_both_seed_15,outputs/batch/part2_spatial_crn_h10_n100/high_load/both/seed_15,care_area,True
high_load_high_acuity,both,16,43200,7200,10,part2_spatial_crn_h10_n100,high_load_both_seed_16,outputs/batch/part2_spatial_crn_h10_n100/high_load/both/seed_16,care_area,True
high_load_high_acuity,both,17,43200,7200,10,part2_spatial_crn_h10_n100,high_load_both_seed_17,outputs/batch/part2_spatial_crn_h10_n100/high_load/both/seed_17,care_area,True
high_load_high_acuity,both,18,43200,7200,10,part2_spatial_crn_h10_n100,high_load_both_seed_18,outputs/batch/part2_spatial_crn_h10_n100/high_load/both/seed_18,care_area,True
high_load_high_acuity,both,19,43200,7200,10,part2_spatial_crn_h10_n100,high_load_both_seed_19,outputs/batch/part2_spatial_crn_h10_n100/high_load/both/seed_19,care_area,True
high_load_high_acuity,both,20,43200,7200,10,part2_spatial_crn_h10_n100,high_load_both_seed_20,outputs/batch/part2_spatial_crn_h10_n100/high_load/both/seed_20,care_area,True
high_load_high_acuity,both,21,43200,7200,10,part2_spatial_crn_h10_n100,high_load_both_seed_21,outputs/batch/part2_spatial_crn_h10_n100/high_load/both/seed_21,care_area,True
high_load_high_acuity,both,22,43200,7200,10,part2_spatial_crn_h10_n100,high_load_both_seed_22,outputs/batch/part2_spatial_crn_h10_n100/high_load/both/seed_22,care_area,True
high_load_high_acuity,both,23,43200,7200,10,part2_spatial_crn_h10_n100,high_load_both_seed_23,outputs/batch/part2_spatial_crn_h10_n100/high_load/both/seed_23,care_area,True
high_load_high_acuity,both,24,43200,7200,10,part2_spatial_crn_h10_n100,high_load_both_seed_24,outputs/batch/part2_spatial_crn_h10_n100/high_load/both/seed_24,care_area,True
high_load_high_acuity,both,25,43200,7200,10,part2_spatial_crn_h10_n100,high_load_both_seed_25,outputs/batch/part2_spatial_crn_h10_n100/high_load/both/seed_25,care_area,True
high_load_high_acuity,both,26,43200,7200,10,part2_spatial_crn_h10_n100,high_load_both_seed_26,outputs/batch/part2_spatial_crn_h10_n100/high_load/both/seed_26,care_area,True
high_load_high_acuity,both,27,43200,7200,10,part2_spatial_crn_h10_n100,high_load_both_seed_27,outputs/batch/part2_spatial_crn_h10_n100/high_load/both/seed_27,care_area,True
high_load_high_acuity,both,28,43200,7200,10,part2_spatial_crn_h10_n100,high_load_both_seed_28,outputs/batch/part2_spatial_crn_h10_n100/high_load/both/seed_28,care_area,True
high_load_high_acuity,both,29,43200,7200,10,part2_spatial_crn_h10_n100,high_load_both_seed_29,outputs/batch/part2_spatial_crn_h10_n100/high_load/both/seed_29,care_area,True
high_load_high_acuity,both,30,43200,7200,10,part2_spatial_crn_h10_n100,high_load_both_seed_30,outputs/batch/part2_spatial_crn_h10_n100/high_load/both/seed_30,care_area,True
high_load_high_acuity,both,31,43200,7200,10,part2_spatial_crn_h10_n100,high_load_both_seed_31,outputs/batch/part2_spatial_crn_h10_n100/high_load/both/seed_31,care_area,True
high_load_high_acuity,both,32,43200,7200,10,part2_spatial_crn_h10_n100,high_load_both_seed_32,outputs/batch/part2_spatial_crn_h10_n100/high_load/both/seed_32,care_area,True
high_load_high_acuity,both,33,43200,7200,10,part2_spatial_crn_h10_n100,high_load_both_seed_33,outputs/batch/part2_spatial_crn_h10_n100/high_load/both/seed_33,care_area,True
high_load_high_acuity,both,34,43200,7200,10,part2_spatial_crn_h10_n100,high_load_both_seed_34,outputs/batch/part2_spatial_crn_h10_n100/high_load/both/seed_34,care_area,True
high_load_high_acuity,both,35,43200,7200,10,part2_spatial_crn_h10_n100,high_load_both_seed_35,outputs/batch/part2_spatial_crn_h10_n100/high_load/both/seed_35,care_area,True
high_load_high_acuity,both,36,43200,7200,10,part2_spatial_crn_h10_n100,high_load_both_seed_36,outputs/batch/part2_spatial_crn_h10_n100/high_load/both/seed_36,care_area,True
high_load_high_acuity,both,37,43200,7200,10,part2_spatial_crn_h10_n100,high_load_both_seed_37,outputs/batch/part2_spatial_crn_h10_n100/high_load/both/seed_37,care_area,True
high_load_high_acuity,both,38,43200,7200,10,part2_spatial_crn_h10_n100,high_load_both_seed_38,outputs/batch/part2_spatial_crn_h10_n100/high_load/both/seed_38,care_area,True
high_load_high_acuity,both,39,43200,7200,10,part2_spatial_crn_h10_n100,high_load_both_seed_39,outputs/batch/part2_spatial_crn_h10_n100/high_load/both/seed_39,care_area,True
high_load_high_acuity,both,40,43200,7200,10,part2_spatial_crn_h10_n100,high_load_both_seed_40,outputs/batch/part2_spatial_crn_h10_n100/high_load/both/seed_40,care_area,True
high_load_high_acuity,both,41,43200,7200,10,part2_spatial_crn_h10_n100,high_load_both_seed_41,outputs/batch/part2_spatial_crn_h10_n100/high_load/both/seed_41,care_area,True
high_load_high_acuity,both,42,43200,7200,10,part2_spatial_crn_h10_n100,high_load_both_seed_42,outputs/batch/part2_spatial_crn_h10_n100/high_load/both/seed_42,care_area,True
high_load_high_acuity,both,43,43200,7200,10,part2_spatial_crn_h10_n100,high_load_both_seed_43,outputs/batch/part2_spatial_crn_h10_n100/high_load/both/seed_43,care_area,True
high_load_high_acuity,both,44,43200,7200,10,part2_spatial_crn_h10_n100,high_load_both_seed_44,outputs/batch/part2_spatial_crn_h10_n100/high_load/both/seed_44,care_area,True
high_load_high_acuity,both,45,43200,7200,10,part2_spatial_crn_h10_n100,high_load_both_seed_45,outputs/batch/part2_spatial_crn_h10_n100/high_load/both/seed_45,care_area,True
high_load_high_acuity,both,46,43200,7200,10,part2_spatial_crn_h10_n100,high_load_both_seed_46,outputs/batch/part2_spatial_crn_h10_n100/high_load/both/seed_46,care_area,True
high_load_high_acuity,both,47,43200,7200,10,part2_spatial_crn_h10_n100,high_load_both_seed_47,outputs/batch/part2_spatial_crn_h10_n100/high_load/both/seed_47,care_area,True
high_load_high_acuity,both,48,43200,7200,10,part2_spatial_crn_h10_n100,high_load_both_seed_48,outputs/batch/part2_spatial_crn_h10_n100/high_load/both/seed_48,care_area,True
high_load_high_acuity,both,49,43200,7200,10,part2_spatial_crn_h10_n100,high_load_both_seed_49,outputs/batch/part2_spatial_crn_h10_n100/high_load/both/seed_49,care_area,True
high_load_high_acuity,both,50,43200,7200,10,part2_spatial_crn_h10_n100,high_load_both_seed_50,outputs/batch/part2_spatial_crn_h10_n100/high_load/both/seed_50,care_area,True
high_load_high_acuity,both,51,43200,7200,10,part2_spatial_crn_h10_n100,high_load_both_seed_51,outputs/batch/part2_spatial_crn_h10_n100/high_load/both/seed_51,care_area,True
high_load_high_acuity,both,52,43200,7200,10,part2_spatial_crn_h10_n100,high_load_both_seed_52,outputs/batch/part2_spatial_crn_h10_n100/high_load/both/seed_52,care_area,True
high_load_high_acuity,both,53,43200,7200,10,part2_spatial_crn_h10_n100,high_load_both_seed_53,outputs/batch/part2_spatial_crn_h10_n100/high_load/both/seed_53,care_area,True
high_load_high_acuity,both,54,43200,7200,10,part2_spatial_crn_h10_n100,high_load_both_seed_54,outputs/batch/part2_spatial_crn_h10_n100/high_load/both/seed_54,care_area,True
high_load_high_acuity,both,55,43200,7200,10,part2_spatial_crn_h10_n100,high_load_both_seed_55,outputs/batch/part2_spatial_crn_h10_n100/high_load/both/seed_55,care_area,True
high_load_high_acuity,both,56,43200,7200,10,part2_spatial_crn_h10_n100,high_load_both_seed_56,outputs/batch/part2_spatial_crn_h10_n100/high_load/both/seed_56,care_area,True
high_load_high_acuity,both,57,43200,7200,10,part2_spatial_crn_h10_n100,high_load_both_seed_57,outputs/batch/part2_spatial_crn_h10_n100/high_load/both/seed_57,care_area,True
high_load_high_acuity,both,58,43200,7200,10,part2_spatial_crn_h10_n100,high_load_both_seed_58,outputs/batch/part2_spatial_crn_h10_n100/high_load/both/seed_58,care_area,True
high_load_high_acuity,both,59,43200,7200,10,part2_spatial_crn_h10_n100,high_load_both_seed_59,outputs/batch/part2_spatial_crn_h10_n100/high_load/both/seed_59,care_area,True
high_load_high_acuity,both,60,43200,7200,10,part2_spatial_crn_h10_n100,high_load_both_seed_60,outputs/batch/part2_spatial_crn_h10_n100/high_load/both/seed_60,care_area,True
high_load_high_acuity,both,61,43200,7200,10,part2_spatial_crn_h10_n100,high_load_both_seed_61,outputs/batch/part2_spatial_crn_h10_n100/high_load/both/seed_61,care_area,True
high_load_high_acuity,both,62,43200,7200,10,part2_spatial_crn_h10_n100,high_load_both_seed_62,outputs/batch/part2_spatial_crn_h10_n100/high_load/both/seed_62,care_area,True
high_load_high_acuity,both,63,43200,7200,10,part2_spatial_crn_h10_n100,high_load_both_seed_63,outputs/batch/part2_spatial_crn_h10_n100/high_load/both/seed_63,care_area,True
high_load_high_acuity,both,64,43200,7200,10,part2_spatial_crn_h10_n100,high_load_both_seed_64,outputs/batch/part2_spatial_crn_h10_n100/high_load/both/seed_64,care_area,True
high_load_high_acuity,both,65,43200,7200,10,part2_spatial_crn_h10_n100,high_load_both_seed_65,outputs/batch/part2_spatial_crn_h10_n100/high_load/both/seed_65,care_area,True
high_load_high_acuity,both,66,43200,7200,10,part2_spatial_crn_h10_n100,high_load_both_seed_66,outputs/batch/part2_spatial_crn_h10_n100/high_load/both/seed_66,care_area,True
high_load_high_acuity,both,67,43200,7200,10,part2_spatial_crn_h10_n100,high_load_both_seed_67,outputs/batch/part2_spatial_crn_h10_n100/high_load/both/seed_67,care_area,True
high_load_high_acuity,both,68,43200,7200,10,part2_spatial_crn_h10_n100,high_load_both_seed_68,outputs/batch/part2_spatial_crn_h10_n100/high_load/both/seed_68,care_area,True
high_load_high_acuity,both,69,43200,7200,10,part2_spatial_crn_h10_n100,high_load_both_seed_69,outputs/batch/part2_spatial_crn_h10_n100/high_load/both/seed_69,care_area,True
high_load_high_acuity,both,70,43200,7200,10,part2_spatial_crn_h10_n100,high_load_both_seed_70,outputs/batch/part2_spatial_crn_h10_n100/high_load/both/seed_70,care_area,True
high_load_high_acuity,both,71,43200,7200,10,part2_spatial_crn_h10_n100,high_load_both_seed_71,outputs/batch/part2_spatial_crn_h10_n100/high_load/both/seed_71,care_area,True
high_load_high_acuity,both,72,43200,7200,10,part2_spatial_crn_h10_n100,high_load_both_seed_72,outputs/batch/part2_spatial_crn_h10_n100/high_load/both/seed_72,care_area,True
high_load_high_acuity,both,73,43200,7200,10,part2_spatial_crn_h10_n100,high_load_both_seed_73,outputs/batch/part2_spatial_crn_h10_n100/high_load/both/seed_73,care_area,True
high_load_high_acuity,both,74,43200,7200,10,part2_spatial_crn_h10_n100,high_load_both_seed_74,outputs/batch/part2_spatial_crn_h10_n100/high_load/both/seed_74,care_area,True
high_load_high_acuity,both,75,43200,7200,10,part2_spatial_crn_h10_n100,high_load_both_seed_75,outputs/batch/part2_spatial_crn_h10_n100/high_load/both/seed_75,care_area,True
high_load_high_acuity,both,76,43200,7200,10,part2_spatial_crn_h10_n100,high_load_both_seed_76,outputs/batch/part2_spatial_crn_h10_n100/high_load/both/seed_76,care_area,True
high_load_high_acuity,both,77,43200,7200,10,part2_spatial_crn_h10_n100,high_load_both_seed_77,outputs/batch/part2_spatial_crn_h10_n100/high_load/both/seed_77,care_area,True
high_load_high_acuity,both,78,43200,7200,10,part2_spatial_crn_h10_n100,high_load_both_seed_78,outputs/batch/part2_spatial_crn_h10_n100/high_load/both/seed_78,care_area,True
high_load_high_acuity,both,79,43200,7200,10,part2_spatial_crn_h10_n100,high_load_both_seed_79,outputs/batch/part2_spatial_crn_h10_n100/high_load/both/seed_79,care_area,True
high_load_high_acuity,both,80,43200,7200,10,part2_spatial_crn_h10_n100,high_load_both_seed_80,outputs/batch/part2_spatial_crn_h10_n100/high_load/both/seed_80,care_area,True
high_load_high_acuity,both,81,43200,7200,10,part2_spatial_crn_h10_n100,high_load_both_seed_81,outputs/batch/part2_spatial_crn_h10_n100/high_load/both/seed_81,care_area,True
high_load_high_acuity,both,82,43200,7200,10,part2_spatial_crn_h10_n100,high_load_both_seed_82,outputs/batch/part2_spatial_crn_h10_n100/high_load/both/seed_82,care_area,True
high_load_high_acuity,both,83,43200,7200,10,part2_spatial_crn_h10_n100,high_load_both_seed_83,outputs/batch/part2_spatial_crn_h10_n100/high_load/both/seed_83,care_area,True
high_load_high_acuity,both,84,43200,7200,10,part2_spatial_crn_h10_n100,high_load_both_seed_84,outputs/batch/part2_spatial_crn_h10_n100/high_load/both/seed_84,care_area,True
high_load_high_acuity,both,85,43200,7200,10,part2_spatial_crn_h10_n100,high_load_both_seed_85,outputs/batch/part2_spatial_crn_h10_n100/high_load/both/seed_85,care_area,True
high_load_high_acuity,both,86,43200,7200,10,part2_spatial_crn_h10_n100,high_load_both_seed_86,outputs/batch/part2_spatial_crn_h10_n100/high_load/both/seed_86,care_area,True
high_load_high_acuity,both,87,43200,7200,10,part2_spatial_crn_h10_n100,high_load_both_seed_87,outputs/batch/part2_spatial_crn_h10_n100/high_load/both/seed_87,care_area,True
high_load_high_acuity,both,88,43200,7200,10,part2_spatial_crn_h10_n100,high_load_both_seed_88,outputs/batch/part2_spatial_crn_h10_n100/high_load/both/seed_88,care_area,True
high_load_high_acuity,both,89,43200,7200,10,part2_spatial_crn_h10_n100,high_load_both_seed_89,outputs/batch/part2_spatial_crn_h10_n100/high_load/both/seed_89,care_area,True
high_load_high_acuity,both,90,43200,7200,10,part2_spatial_crn_h10_n100,high_load_both_seed_90,outputs/batch/part2_spatial_crn_h10_n100/high_load/both/seed_90,care_area,True
high_load_high_acuity,both,91,43200,7200,10,part2_spatial_crn_h10_n100,high_load_both_seed_91,outputs/batch/part2_spatial_crn_h10_n100/high_load/both/seed_91,care_area,True
high_load_high_acuity,both,92,43200,7200,10,part2_spatial_crn_h10_n100,high_load_both_seed_92,outputs/batch/part2_spatial_crn_h10_n100/high_load/both/seed_92,care_area,True
high_load_high_acuity,both,93,43200,7200,10,part2_spatial_crn_h10_n100,high_load_both_seed_93,outputs/batch/part2_spatial_crn_h10_n100/high_load/both/seed_93,care_area,True
high_load_high_acuity,both,94,43200,7200,10,part2_spatial_crn_h10_n100,high_load_both_seed_94,outputs/batch/part2_spatial_crn_h10_n100/high_load/both/seed_94,care_area,True
high_load_high_acuity,both,95,43200,7200,10,part2_spatial_crn_h10_n100,high_load_both_seed_95,outputs/batch/part2_spatial_crn_h10_n100/high_load/both/seed_95,care_area,True
high_load_high_acuity,both,96,43200,7200,10,part2_spatial_crn_h10_n100,high_load_both_seed_96,outputs/batch/part2_spatial_crn_h10_n100/high_load/both/seed_96,care_area,True
high_load_high_acuity,both,97,43200,7200,10,part2_spatial_crn_h10_n100,high_load_both_seed_97,outputs/batch/part2_spatial_crn_h10_n100/high_load/both/seed_97,care_area,True
high_load_high_acuity,both,98,43200,7200,10,part2_spatial_crn_h10_n100,high_load_both_seed_98,outputs/batch/part2_spatial_crn_h10_n100/high_load/both/seed_98,care_area,True
high_load_high_acuity,both,99,43200,7200,10,part2_spatial_crn_h10_n100,high_load_both_seed_99,outputs/batch/part2_spatial_crn_h10_n100/high_load/both/seed_99,care_area,True
high_load_high_acuity,both,100,43200,7200,10,part2_spatial_crn_h10_n100,high_load_both_seed_100,outputs/batch/part2_spatial_crn_h10_n100/high_load/both/seed_100,care_area,True
